deal_id,company_name,region,industry,lead_source,sales_rep,stage,amount_usd,created_date,close_date,is_won,sales_cycle_days
D00001,Unity Technologies,South,Healthcare,Cold Call,Priya Nair,Closed Won,13600.0,2024-04-12,2024-06-05,True,54.0
D00002,Vertex Enterprises,Central,Retail,Trade Show,Vikram Shah,Closed Won,9700.0,2026-05-21,2026-06-19,True,29.0
D00003,Pioneer Systems,East,Healthcare,Referral,Karan Malhotra,Prospecting,28600.0,2026-01-17,,False,
D00004,Summit Systems,West,Retail,Cold Call,Sneha Iyer,Proposal,7300.0,2025-07-16,,False,
D00005,Nexus Solutions,South,It Services,Website,Rohit Verma,Proposal,14200.0,2024-01-21,,False,
D00006,Orbit Group,West,It Services,Partner,Karan Malhotra,Negotiation,14800.0,2026-06-16,,False,
D00007,Falcon Corp,South,It Services,Referral,Arjun Mehta,Proposal,7000.0,2024-07-24,,False,
D00008,Pioneer Systems,South,Education,Trade Show,Arjun Mehta,Closed Won,5700.0,2025-12-03,2026-01-17,True,45.0
D00009,Meridian Industries,South,Retail,Trade Show,Rohit Verma,Closed Won,5300.0,2025-12-20,2026-01-22,True,33.0
D00010,Horizon Group,West,Healthcare,Cold Call,Ananya Rao,Closed Lost,21400.0,2026-05-06,2026-06-03,False,28.0
D00011,Lumina Solutions,North,It Services,Website,Karan Malhotra,Proposal,22800.0,2025-05-04,,False,
D00012,Vertex Group,Central,Healthcare,Trade Show,Karan Malhotra,Prospecting,3300.0,2024-02-02,,False,
D00013,Meridian Group,East,Retail,Referral,Vikram Shah,Closed Won,8300.0,2025-04-06,2025-06-17,True,72.0
D00014,Global Enterprises,West,Education,Partner,Kavya Reddy,Negotiation,5300.0,2025-07-17,,False,
D00015,Falcon Technologies,Central,Education,Website,Sneha Iyer,Closed Won,4800.0,2025-10-16,2025-11-08,True,23.0
D00016,Zenith Technologies,West,Education,Social Media,Priya Nair,Qualification,7700.0,2024-01-28,,False,
D00017,Crest Systems,North,It Services,Partner,Ananya Rao,Qualification,13500.0,2025-01-19,,False,
D00018,Summit Solutions,North,Education,Partner,Ananya Rao,Proposal,7100.0,2025-12-10,,False,
D00019,Quantum Solutions,North,It Services,Website,Arjun Mehta,Qualification,14000.0,2025-01-08,,False,
D00020,Quantum Industries,South,Healthcare,Website,Sneha Iyer,Qualification,14800.0,2025-07-17,,False,
D00021,Falcon Systems,South,Finance,Trade Show,Vikram Shah,Closed Lost,43700.0,2026-01-05,2026-02-11,False,37.0
D00022,Vertex Group,Central,It Services,Referral,Arjun Mehta,Qualification,19500.0,2024-05-02,,False,
D00023,Falcon Enterprises,North,Retail,Trade Show,Priya Nair,Prospecting,6700.0,2025-05-25,,False,
D00024,Horizon Systems,West,It Services,Website,Ananya Rao,Closed Won,10300.0,2025-02-06,2025-04-11,True,64.0
D00025,Pioneer Industries,South,Healthcare,Trade Show,Karan Malhotra,Proposal,15700.0,2024-05-30,,False,
D00026,Everest Group,North,Education,Trade Show,Sneha Iyer,Qualification,4600.0,2025-07-25,,False,
D00027,Horizon Technologies,North,It Services,Cold Call,Ananya Rao,Closed Won,16400.0,2025-10-20,2025-11-11,True,22.0
D00028,Radiant Corp,North,Healthcare,Website,Sneha Iyer,Proposal,24100.0,2024-08-14,,False,
D00029,Alpha Technologies,East,Finance,Website,Rohit Verma,Proposal,21000.0,2024-12-03,,False,
D00030,Lumina Group,East,Retail,Website,Karan Malhotra,Negotiation,4400.0,2025-05-18,,False,
D00031,Bright Enterprises,Central,Healthcare,Social Media,Karan Malhotra,Negotiation,37700.0,2026-06-01,,False,
D00032,Quantum Industries,Central,Healthcare,Trade Show,Priya Nair,Qualification,18700.0,2025-04-25,,False,
D00033,Unity Systems,East,It Services,Website,Rohit Verma,Closed Lost,19400.0,2024-06-20,2024-07-27,False,37.0
D00034,Vertex Solutions,South,Retail,Referral,Kavya Reddy,Qualification,10000.0,2024-06-09,,False,
D00035,Quantum Industries,East,Manufacturing,Referral,Vikram Shah,Prospecting,14200.0,2025-10-24,,False,
D00036,Meridian Technologies,East,Manufacturing,Website,Karan Malhotra,Closed Won,15600.0,2025-01-27,2025-02-10,True,14.0
D00037,Horizon Corp,West,Finance,Trade Show,Ananya Rao,Prospecting,32800.0,2025-05-20,,False,
D00038,Vertex Solutions,South,Manufacturing,Social Media,Priya Nair,Prospecting,26800.0,2025-04-15,,False,
D00039,Vertex Group,West,Manufacturing,Social Media,Kavya Reddy,Prospecting,25600.0,2025-07-23,,False,
D00040,Meridian Technologies,West,Finance,Trade Show,Arjun Mehta,Qualification,17100.0,2024-02-22,,False,
D00041,Jupiter Corp,West,Finance,Referral,Rohit Verma,Proposal,28700.0,2024-12-15,,False,
D00042,Zenith Systems,South,Finance,Referral,Sneha Iyer,Proposal,24200.0,2026-02-25,,False,
D00043,Orbit Solutions,North,Manufacturing,Referral,Ananya Rao,Negotiation,21800.0,2025-01-27,,False,
D00044,Everest Corp,Central,Retail,Partner,Kavya Reddy,Negotiation,7300.0,2025-08-23,,False,
D00045,Vertex Industries,West,Manufacturing,Cold Call,Sneha Iyer,Proposal,18200.0,2026-05-10,,False,
D00046,Pioneer Enterprises,West,Finance,Trade Show,Karan Malhotra,Prospecting,26800.0,2024-02-16,,False,
D00047,Everest Technologies,Central,Manufacturing,Referral,Arjun Mehta,Qualification,23700.0,2025-07-04,,False,
D00048,Pioneer Systems,Central,Finance,Trade Show,Karan Malhotra,Closed Lost,44100.0,2026-01-31,2026-03-01,False,29.0
D00049,Summit Group,West,Retail,Website,Sneha Iyer,Proposal,9700.0,2026-06-26,,False,
D00050,Lumina Enterprises,North,Retail,Referral,Priya Nair,Negotiation,6400.0,2025-09-04,,False,
D00051,Summit Industries,South,Manufacturing,Social Media,Vikram Shah,Proposal,27100.0,2026-02-14,,False,
D00052,Delta Industries,Central,Manufacturing,Partner,Priya Nair,Prospecting,18700.0,2026-06-21,,False,
D00053,Delta Solutions,East,Retail,Cold Call,Karan Malhotra,Proposal,10800.0,2025-01-28,,False,
D00054,Meridian Systems,Central,It Services,Website,Kavya Reddy,Qualification,12600.0,2024-04-05,,False,
D00055,Summit Industries,West,Retail,Social Media,Sneha Iyer,Proposal,8800.0,2024-09-29,,False,
D00056,Global Technologies,North,Healthcare,Trade Show,Ananya Rao,Prospecting,31800.0,2025-09-03,,False,
D00057,Unity Technologies,West,Retail,Trade Show,Priya Nair,Prospecting,11400.0,2026-06-03,,False,
D00058,Kinetic Solutions,Central,Healthcare,Partner,Priya Nair,Closed Won,17900.0,2025-07-18,2025-08-12,True,25.0
D00059,Falcon Systems,South,Manufacturing,Trade Show,Ananya Rao,Prospecting,10600.0,2026-01-20,,False,
D00060,Summit Enterprises,Central,Finance,Partner,Arjun Mehta,Closed Won,43900.0,2025-01-27,2025-02-27,True,31.0
D00061,Summit Enterprises,West,Education,Trade Show,Kavya Reddy,Closed Lost,9500.0,2025-05-25,2025-06-23,False,29.0
D00062,Titan Technologies,East,Finance,Partner,Vikram Shah,Closed Lost,37800.0,2025-12-14,2026-01-05,False,22.0
D00063,Quantum Industries,West,Education,Website,Kavya Reddy,Negotiation,7300.0,2024-01-01,,False,
D00064,Meridian Enterprises,Central,Education,Referral,Rohit Verma,Proposal,6500.0,2026-04-03,,False,
D00065,Orbit Industries,East,It Services,Website,Vikram Shah,Qualification,15100.0,2024-08-16,,False,
D00066,Crest Systems,North,Finance,Social Media,Arjun Mehta,Negotiation,56300.0,2024-10-31,,False,
D00067,Radiant Technologies,West,Manufacturing,Referral,Rohit Verma,Qualification,16900.0,2024-01-08,,False,
D00068,Quantum Industries,West,Healthcare,Social Media,Kavya Reddy,Proposal,24800.0,2026-01-01,,False,
D00069,Falcon Solutions,Central,Education,Cold Call,Sneha Iyer,Qualification,4600.0,2026-01-01,,False,
D00070,Zenith Industries,South,Healthcare,Partner,Sneha Iyer,Closed Won,31200.0,2026-06-01,2026-06-16,True,15.0
D00071,Crest Systems,Central,Retail,Referral,Ananya Rao,Closed Won,7700.0,2025-01-08,2025-04-01,True,83.0
D00072,Unity Systems,Central,Finance,Social Media,Priya Nair,Negotiation,29300.0,2025-06-01,,False,
D00073,Delta Corp,North,Healthcare,Partner,Sneha Iyer,Closed Lost,22500.0,2025-07-18,2025-08-16,False,29.0
D00074,Bright Corp,South,It Services,Referral,Vikram Shah,Negotiation,15700.0,2025-03-24,,False,
D00075,Orbit Systems,East,Retail,Website,Karan Malhotra,Closed Won,10100.0,2024-09-24,2024-12-24,True,91.0
D00076,Bright Solutions,West,Manufacturing,Social Media,Vikram Shah,Closed Won,13200.0,2025-07-31,2025-10-22,True,83.0
D00077,Jupiter Group,North,It Services,Social Media,Kavya Reddy,Closed Won,20800.0,2025-03-22,2025-03-29,True,7.0
D00078,Falcon Enterprises,West,It Services,Partner,Vikram Shah,Closed Lost,8100.0,2024-05-17,2024-07-13,False,57.0
D00079,Pioneer Technologies,East,Retail,Cold Call,Arjun Mehta,Qualification,6100.0,2024-02-12,,False,
D00080,Radiant Enterprises,North,Healthcare,Cold Call,Priya Nair,Negotiation,14200.0,2024-12-25,,False,
D00081,Nexus Solutions,North,Finance,Website,Rohit Verma,Prospecting,20500.0,2026-04-08,,False,
D00082,Orbit Industries,East,Retail,Referral,Ananya Rao,Qualification,8400.0,2024-03-18,,False,
D00083,Quantum Group,South,It Services,Website,Karan Malhotra,Closed Lost,11800.0,2024-04-16,2024-08-04,False,110.0
D00084,Nexus Group,West,Education,Referral,Sneha Iyer,Closed Lost,8000.0,2025-09-30,2025-10-27,False,27.0
D00085,Falcon Group,West,Finance,Referral,Vikram Shah,Closed Won,19500.0,2025-09-14,2025-10-04,True,20.0
D00086,Vertex Solutions,South,Retail,Website,Kavya Reddy,Proposal,7300.0,2025-09-22,,False,
D00087,Delta Solutions,North,Finance,Trade Show,Ananya Rao,Prospecting,29900.0,2024-05-05,,False,
D00088,Jupiter Industries,South,Retail,Trade Show,Priya Nair,Negotiation,12700.0,2024-04-20,,False,
D00089,Meridian Corp,South,Manufacturing,Cold Call,Karan Malhotra,Proposal,11000.0,2025-09-04,,False,
D00090,Zenith Industries,West,Education,Cold Call,Arjun Mehta,Qualification,7400.0,2025-10-23,,False,
D00091,Titan Technologies,Central,It Services,Social Media,Vikram Shah,Prospecting,14900.0,2026-01-28,,False,
D00092,Everest Corp,South,Healthcare,Partner,Rohit Verma,Closed Lost,22600.0,2025-07-27,2025-09-17,False,52.0
D00093,Kinetic Systems,South,Education,Social Media,Sneha Iyer,Prospecting,4000.0,2024-05-19,,False,
D00094,Jupiter Enterprises,East,Retail,Social Media,Vikram Shah,Qualification,11200.0,2026-05-17,,False,
D00095,Orbit Corp,North,Retail,Website,Priya Nair,Prospecting,6200.0,2024-11-16,,False,
D00096,Lumina Solutions,North,Finance,Social Media,Rohit Verma,Qualification,34500.0,2025-02-22,,False,
D00097,Vertex Technologies,East,Healthcare,Website,Karan Malhotra,Qualification,13700.0,2024-05-16,,False,
D00098,Summit Group,East,Finance,Partner,Sneha Iyer,Closed Won,38400.0,2026-04-11,2026-06-04,True,54.0
D00099,Radiant Systems,West,Retail,Partner,Vikram Shah,Proposal,9800.0,2024-03-18,,False,
D00100,Orbit Systems,North,Retail,Website,Ananya Rao,Qualification,8900.0,2025-09-28,,False,
D00101,Orbit Enterprises,East,Manufacturing,Trade Show,Kavya Reddy,Closed Lost,27900.0,2026-03-31,2026-04-22,False,22.0
D00102,Alpha Enterprises,East,It Services,Partner,Arjun Mehta,Proposal,20000.0,2024-10-15,,False,
D00103,Jupiter Industries,South,Manufacturing,Partner,Priya Nair,Qualification,16400.0,2024-09-10,,False,
D00104,Meridian Solutions,Central,Finance,Trade Show,Rohit Verma,Closed Won,18300.0,2024-04-27,2024-05-30,True,33.0
D00105,Kinetic Group,East,It Services,Trade Show,Vikram Shah,Negotiation,8600.0,2025-02-14,,False,
D00106,Meridian Corp,South,Education,Cold Call,Rohit Verma,Qualification,4800.0,2026-04-21,,False,
D00107,Delta Technologies,West,Healthcare,Trade Show,Rohit Verma,Negotiation,26700.0,2024-07-28,,False,
D00108,Ironclad Corp,East,Finance,Social Media,Karan Malhotra,Negotiation,38100.0,2026-03-09,,False,
D00109,Delta Corp,Central,Finance,Referral,Arjun Mehta,Proposal,24300.0,2026-02-17,,False,
D00110,Jupiter Technologies,Central,Retail,Partner,Ananya Rao,Qualification,11000.0,2025-07-20,,False,
D00111,Kinetic Corp,North,Healthcare,Trade Show,Ananya Rao,Prospecting,8700.0,2024-11-08,,False,
D00112,Vertex Industries,East,It Services,Cold Call,Priya Nair,Closed Lost,500.0,2025-02-21,2025-03-08,False,15.0
D00113,Radiant Enterprises,Central,Healthcare,Social Media,Vikram Shah,Qualification,17600.0,2026-05-05,,False,
D00114,Vertex Corp,West,Retail,Website,Rohit Verma,Qualification,16200.0,2024-02-18,,False,
D00115,Quantum Enterprises,East,Healthcare,Cold Call,Arjun Mehta,Proposal,18400.0,2024-05-20,,False,
D00116,Summit Systems,East,Manufacturing,Website,Arjun Mehta,Proposal,49300.0,2025-04-21,,False,
D00117,Zenith Systems,East,It Services,Website,Karan Malhotra,Proposal,26700.0,2024-04-22,,False,
D00118,Alpha Systems,South,Healthcare,Social Media,Vikram Shah,Proposal,16200.0,2025-10-04,,False,
D00119,Orbit Enterprises,East,Finance,Social Media,Ananya Rao,Qualification,42300.0,2024-11-08,,False,
D00120,Vertex Enterprises,East,It Services,Trade Show,Sneha Iyer,Closed Lost,17600.0,2025-08-01,2025-11-07,False,98.0
D00121,Unity Group,South,Manufacturing,Website,Kavya Reddy,Qualification,38700.0,2026-06-28,,False,
D00122,Zenith Technologies,South,Manufacturing,Cold Call,Kavya Reddy,Closed Won,20200.0,2026-06-15,2026-06-30,True,15.0
D00123,Titan Solutions,South,Finance,Trade Show,Priya Nair,Negotiation,42200.0,2024-09-12,,False,
D00124,Nexus Industries,North,Manufacturing,Cold Call,Ananya Rao,Closed Won,15200.0,2026-05-03,2026-06-16,True,44.0
D00125,Kinetic Corp,North,Retail,Social Media,Arjun Mehta,Negotiation,8100.0,2025-07-05,,False,
D00126,Unity Solutions,Central,Healthcare,Social Media,Vikram Shah,Negotiation,20500.0,2024-04-18,,False,
D00127,Falcon Solutions,South,Retail,Partner,Ananya Rao,Proposal,6200.0,2024-12-21,,False,
D00128,Bright Technologies,North,Education,Cold Call,Karan Malhotra,Prospecting,6800.0,2024-12-07,,False,
D00129,Unity Technologies,South,Finance,Website,Vikram Shah,Negotiation,25000.0,2026-01-18,,False,
D00130,Delta Group,East,Retail,Cold Call,Sneha Iyer,Qualification,12700.0,2024-05-09,,False,
D00131,Global Group,East,Healthcare,Trade Show,Ananya Rao,Prospecting,17100.0,2026-03-04,,False,
D00132,Titan Group,North,Manufacturing,Trade Show,Kavya Reddy,Closed Lost,19200.0,2025-10-25,2025-12-19,False,55.0
D00133,Unity Industries,South,Retail,Referral,Vikram Shah,Negotiation,8400.0,2025-05-21,,False,
D00134,Horizon Solutions,North,Retail,Partner,Priya Nair,Proposal,5400.0,2025-12-13,,False,
D00135,Lumina Group,South,It Services,Cold Call,Sneha Iyer,Closed Won,14600.0,2025-05-12,2025-06-19,True,38.0
D00136,Everest Corp,East,Finance,Website,Kavya Reddy,Prospecting,37400.0,2026-03-25,,False,
D00137,Jupiter Systems,North,Finance,Referral,Kavya Reddy,Closed Lost,38800.0,2025-12-10,2026-01-25,False,46.0
D00138,Nexus Systems,Central,Education,Referral,Kavya Reddy,Qualification,3400.0,2025-02-04,,False,
D00139,Titan Systems,East,Finance,Referral,Kavya Reddy,Prospecting,42600.0,2025-11-18,,False,
D00140,Meridian Solutions,North,Education,Cold Call,Rohit Verma,Proposal,6200.0,2025-02-05,,False,
D00141,Meridian Solutions,North,It Services,Partner,Arjun Mehta,Proposal,21100.0,2024-07-01,,False,
D00142,Zenith Enterprises,South,Manufacturing,Social Media,Priya Nair,Closed Lost,30900.0,2024-06-09,2024-06-24,False,15.0
D00143,Quantum Enterprises,East,Healthcare,Social Media,Rohit Verma,Proposal,17800.0,2024-05-20,,False,
D00144,Global Technologies,South,Education,Website,Kavya Reddy,Closed Won,3900.0,2024-09-28,2024-10-25,True,27.0
D00145,Everest Industries,South,It Services,Referral,Arjun Mehta,Proposal,19800.0,2024-01-03,,False,
D00146,Delta Technologies,North,Retail,Website,Karan Malhotra,Prospecting,9800.0,2025-03-07,,False,
D00147,Global Technologies,East,Education,Partner,Vikram Shah,Closed Won,5600.0,2026-03-17,2026-03-29,True,12.0
D00148,Jupiter Group,Central,Healthcare,Partner,Arjun Mehta,Negotiation,13300.0,2026-05-10,,False,
D00149,Falcon Enterprises,North,Retail,Referral,Priya Nair,Proposal,12500.0,2024-08-13,,False,
D00150,Orbit Industries,East,Education,Partner,Karan Malhotra,Closed Lost,9700.0,2024-03-02,2024-03-29,False,27.0
D00151,Ironclad Group,East,Healthcare,Trade Show,Sneha Iyer,Proposal,30900.0,2025-09-01,,False,
D00152,Falcon Group,East,Manufacturing,Trade Show,Kavya Reddy,Closed Won,35800.0,2026-01-07,2026-03-02,True,54.0
D00153,Pioneer Enterprises,South,Education,Partner,Rohit Verma,Prospecting,8200.0,2026-06-19,,False,
D00154,Alpha Corp,South,Healthcare,Partner,Sneha Iyer,Qualification,18300.0,2024-11-18,,False,
D00155,Unity Solutions,North,Finance,Cold Call,Sneha Iyer,Closed Won,35100.0,2024-08-03,2024-10-09,True,67.0
D00156,Summit Systems,West,Finance,Cold Call,Sneha Iyer,Negotiation,28000.0,2024-12-21,,False,
D00157,Meridian Enterprises,South,It Services,Referral,Arjun Mehta,Qualification,15900.0,2024-12-28,,False,
D00158,Ironclad Industries,Central,Education,Cold Call,Ananya Rao,Prospecting,5300.0,2025-06-07,,False,
D00159,Global Solutions,East,Education,Cold Call,Arjun Mehta,Proposal,3900.0,2025-03-23,,False,
D00160,Delta Solutions,Central,Education,Trade Show,Rohit Verma,Closed Lost,2500.0,2024-08-20,2024-11-05,False,77.0
D00161,Jupiter Corp,North,It Services,Social Media,Ananya Rao,Qualification,22200.0,2024-11-19,,False,
D00162,Crest Technologies,Central,It Services,Trade Show,Priya Nair,Closed Won,24400.0,2024-07-28,2024-08-10,True,13.0
D00163,Delta Industries,South,Education,Referral,Sneha Iyer,Prospecting,5800.0,2025-07-23,,False,
D00164,Bright Systems,Central,Finance,Cold Call,Rohit Verma,Proposal,43500.0,2024-04-08,,False,
D00165,Pioneer Enterprises,West,Finance,Partner,Kavya Reddy,Closed Won,15300.0,2025-06-22,2025-09-11,True,81.0
D00166,Crest Industries,West,Education,Referral,Sneha Iyer,Closed Lost,3000.0,2025-03-28,2025-07-02,False,96.0
D00167,Quantum Enterprises,East,It Services,Social Media,Ananya Rao,Proposal,23700.0,2024-09-27,,False,
D00168,Global Group,East,Education,Referral,Rohit Verma,Qualification,4400.0,2024-11-04,,False,
D00169,Quantum Corp,North,Education,Social Media,Kavya Reddy,Closed Lost,4400.0,2025-06-19,2025-08-25,False,67.0
D00170,Unity Solutions,West,Education,Social Media,Sneha Iyer,Qualification,10300.0,2025-11-08,,False,
D00171,Radiant Corp,Central,Retail,Partner,Vikram Shah,Proposal,11900.0,2024-12-09,,False,
D00172,Nexus Systems,East,Retail,Website,Rohit Verma,Closed Lost,15700.0,2024-04-11,2024-06-11,False,61.0
D00173,Alpha Industries,South,It Services,Website,Vikram Shah,Qualification,14900.0,2025-10-21,,False,
D00174,Vertex Systems,North,Finance,Trade Show,Vikram Shah,Proposal,32300.0,2026-01-14,,False,
D00175,Horizon Group,South,Manufacturing,Trade Show,Ananya Rao,Negotiation,14400.0,2025-11-16,,False,
D00176,Orbit Group,South,It Services,Social Media,Rohit Verma,Closed Won,11100.0,2024-11-12,2024-12-23,True,41.0
D00177,Vertex Solutions,West,It Services,Social Media,Vikram Shah,Prospecting,11500.0,2025-01-17,,False,
D00178,Meridian Group,West,It Services,Partner,Ananya Rao,Closed Won,8800.0,2025-11-30,2026-01-08,True,39.0
D00179,Radiant Group,East,It Services,Referral,Arjun Mehta,Proposal,11800.0,2025-09-22,,False,
D00180,Jupiter Group,North,Healthcare,Cold Call,Rohit Verma,Qualification,14400.0,2025-10-23,,False,
D00181,Titan Enterprises,West,Retail,Social Media,Sneha Iyer,Qualification,8000.0,2024-07-25,,False,
D00182,Unity Solutions,East,Retail,Trade Show,Vikram Shah,Closed Won,13100.0,2025-05-30,2025-07-09,True,40.0
D00183,Jupiter Group,South,It Services,Social Media,Kavya Reddy,Negotiation,19800.0,2025-05-26,,False,
D00184,Horizon Technologies,South,Finance,Website,Priya Nair,Proposal,32200.0,2024-09-24,,False,
D00185,Bright Systems,South,It Services,Social Media,Arjun Mehta,Negotiation,10800.0,2026-01-21,,False,
D00186,Global Industries,West,Finance,Social Media,Karan Malhotra,Qualification,28300.0,2025-07-06,,False,
D00187,Bright Group,North,Healthcare,Website,Ananya Rao,Negotiation,8700.0,2024-03-24,,False,
D00188,Crest Corp,West,Finance,Cold Call,Vikram Shah,Negotiation,43900.0,2025-02-27,,False,
D00189,Ironclad Industries,Central,Manufacturing,Trade Show,Arjun Mehta,Qualification,46900.0,2024-09-26,,False,
D00190,Everest Systems,West,It Services,Website,Priya Nair,Qualification,7400.0,2025-05-27,,False,
D00191,Orbit Corp,North,It Services,Trade Show,Kavya Reddy,Proposal,13400.0,2024-07-22,,False,
D00192,Alpha Systems,Central,It Services,Referral,Sneha Iyer,Closed Lost,11300.0,2026-05-31,2026-06-30,False,30.0
D00193,Jupiter Technologies,North,Healthcare,Social Media,Rohit Verma,Qualification,14100.0,2024-02-28,,False,
D00194,Radiant Enterprises,East,Healthcare,Social Media,Vikram Shah,Proposal,17000.0,2025-11-23,,False,
D00195,Meridian Technologies,West,Education,Trade Show,Kavya Reddy,Proposal,8600.0,2025-05-09,,False,
D00196,Vertex Systems,Central,Education,Partner,Kavya Reddy,Closed Lost,7200.0,2024-12-01,2024-12-25,False,24.0
D00197,Radiant Solutions,South,Healthcare,Referral,Arjun Mehta,Negotiation,24900.0,2026-03-12,,False,
D00198,Alpha Group,North,Education,Trade Show,Ananya Rao,Closed Won,8000.0,2026-01-13,2026-03-02,True,48.0
D00199,Pioneer Enterprises,North,Retail,Website,Ananya Rao,Qualification,13800.0,2024-08-07,,False,
D00200,Falcon Corp,North,Healthcare,Trade Show,Vikram Shah,Prospecting,17200.0,2025-08-07,,False,
D00201,Vertex Systems,East,Finance,Cold Call,Ananya Rao,Closed Won,14700.0,2025-04-26,2025-06-26,True,61.0
D00202,Lumina Corp,North,Retail,Website,Priya Nair,Proposal,2700.0,2026-04-07,,False,
D00203,Crest Enterprises,South,Manufacturing,Social Media,Ananya Rao,Negotiation,25600.0,2024-09-23,,False,
D00204,Pioneer Enterprises,North,It Services,Partner,Vikram Shah,Closed Lost,14100.0,2025-03-29,2025-06-11,False,74.0
D00205,Meridian Enterprises,South,It Services,Cold Call,Priya Nair,Closed Won,19600.0,2024-02-12,2024-02-23,True,11.0
D00206,Vertex Group,East,It Services,Partner,Sneha Iyer,Negotiation,16700.0,2026-03-03,,False,
D00207,Orbit Technologies,West,Finance,Trade Show,Arjun Mehta,Qualification,7100.0,2026-03-12,,False,
D00208,Kinetic Systems,Central,It Services,Referral,Ananya Rao,Closed Won,9200.0,2025-02-23,2025-04-14,True,50.0
D00209,Delta Technologies,North,Manufacturing,Partner,Vikram Shah,Qualification,30500.0,2026-06-27,,False,
D00210,Orbit Group,North,It Services,Partner,Vikram Shah,Prospecting,30300.0,2025-03-27,,False,
D00211,Jupiter Industries,South,Manufacturing,Website,Sneha Iyer,Qualification,29100.0,2024-01-26,,False,
D00212,Global Solutions,West,Manufacturing,Cold Call,Rohit Verma,Qualification,30900.0,2024-06-02,,False,
D00213,Alpha Systems,North,Healthcare,Trade Show,Vikram Shah,Negotiation,22900.0,2025-03-14,,False,
D00214,Kinetic Solutions,Central,Healthcare,Trade Show,Kavya Reddy,Prospecting,23300.0,2025-10-22,,False,
D00215,Crest Solutions,South,Healthcare,Partner,Vikram Shah,Proposal,8300.0,2025-03-16,,False,
D00216,Nexus Group,North,Retail,Cold Call,Kavya Reddy,Proposal,2700.0,2025-01-08,,False,
D00217,Crest Industries,West,Finance,Website,Rohit Verma,Qualification,42500.0,2024-10-14,,False,
D00218,Bright Technologies,North,It Services,Partner,Ananya Rao,Proposal,11300.0,2025-10-09,,False,
D00219,Crest Corp,South,Healthcare,Social Media,Rohit Verma,Qualification,23000.0,2024-05-28,,False,
D00220,Crest Solutions,West,Manufacturing,Social Media,Ananya Rao,Prospecting,5500.0,2026-04-17,,False,
D00221,Orbit Industries,West,Finance,Partner,Sneha Iyer,Negotiation,22500.0,2025-10-23,,False,
D00222,Lumina Technologies,North,It Services,Website,Karan Malhotra,Proposal,1000.0,2024-11-06,,False,
D00223,Unity Technologies,Central,It Services,Trade Show,Ananya Rao,Proposal,12000.0,2024-10-05,,False,
D00224,Titan Solutions,North,Finance,Trade Show,Arjun Mehta,Prospecting,21800.0,2025-02-09,,False,
D00225,Kinetic Group,East,Retail,Website,Ananya Rao,Prospecting,4200.0,2024-12-26,,False,
D00226,Falcon Group,South,It Services,Referral,Kavya Reddy,Qualification,17200.0,2024-06-28,,False,
D00227,Meridian Group,North,Manufacturing,Social Media,Vikram Shah,Closed Won,28700.0,2024-11-11,2025-02-04,True,85.0
D00228,Unity Group,West,Education,Website,Kavya Reddy,Closed Won,7300.0,2025-04-06,2025-07-26,True,111.0
D00229,Vertex Industries,South,Retail,Referral,Ananya Rao,Closed Lost,7900.0,2025-04-10,2025-05-01,False,21.0
D00230,Falcon Industries,West,Healthcare,Cold Call,Ananya Rao,Closed Lost,12200.0,2024-04-19,2024-06-21,False,63.0
D00231,Meridian Systems,Central,It Services,Trade Show,Karan Malhotra,Qualification,17100.0,2025-06-20,,False,
D00232,Zenith Group,East,Education,Referral,Rohit Verma,Closed Won,4900.0,2026-04-25,2026-06-24,True,60.0
D00233,Bright Corp,East,Manufacturing,Referral,Ananya Rao,Prospecting,19400.0,2024-10-13,,False,
D00234,Global Industries,West,Retail,Trade Show,Rohit Verma,Closed Won,5700.0,2024-11-24,2024-12-24,True,30.0
D00235,Everest Technologies,West,Education,Referral,Kavya Reddy,Negotiation,4300.0,2024-08-08,,False,
D00236,Vertex Corp,Central,Healthcare,Cold Call,Rohit Verma,Proposal,15100.0,2025-12-03,,False,
D00237,Vertex Corp,South,Education,Cold Call,Sneha Iyer,Prospecting,3200.0,2025-10-06,,False,
D00238,Unity Solutions,South,Finance,Website,Sneha Iyer,Negotiation,18100.0,2025-08-13,,False,
D00239,Delta Solutions,Central,It Services,Partner,Vikram Shah,Negotiation,14800.0,2025-11-30,,False,
D00240,Titan Enterprises,South,Healthcare,Website,Sneha Iyer,Qualification,28600.0,2025-07-17,,False,
D00241,Bright Technologies,North,Retail,Website,Ananya Rao,Prospecting,7300.0,2025-01-31,,False,
D00242,Horizon Enterprises,South,Manufacturing,Referral,Karan Malhotra,Qualification,24800.0,2025-07-13,,False,
D00243,Everest Technologies,North,It Services,Partner,Priya Nair,Closed Lost,27100.0,2026-02-14,2026-05-06,False,81.0
D00244,Crest Industries,East,Retail,Partner,Priya Nair,Prospecting,8400.0,2026-04-24,,False,
D00245,Titan Systems,South,Education,Trade Show,Priya Nair,Proposal,3400.0,2025-10-06,,False,
D00246,Horizon Industries,South,Education,Trade Show,Ananya Rao,Negotiation,1700.0,2026-02-11,,False,
D00247,Delta Corp,South,Healthcare,Website,Rohit Verma,Proposal,24900.0,2024-11-24,,False,
D00248,Pioneer Technologies,South,Education,Partner,Sneha Iyer,Closed Won,6600.0,2026-02-16,2026-03-26,True,38.0
D00249,Vertex Technologies,West,Manufacturing,Website,Vikram Shah,Proposal,15900.0,2025-10-26,,False,
D00250,Zenith Systems,Central,Healthcare,Referral,Karan Malhotra,Closed Lost,32700.0,2025-02-17,2025-03-27,False,38.0
D00251,Unity Corp,South,Finance,Partner,Arjun Mehta,Qualification,35900.0,2025-05-11,,False,
D00252,Vertex Technologies,East,Education,Social Media,Priya Nair,Qualification,7800.0,2025-10-08,,False,
D00253,Vertex Group,South,Healthcare,Trade Show,Sneha Iyer,Closed Won,13100.0,2026-03-07,2026-04-24,True,48.0
D00254,Global Technologies,East,Education,Cold Call,Kavya Reddy,Negotiation,9100.0,2025-02-24,,False,
D00255,Crest Industries,South,Retail,Trade Show,Sneha Iyer,Qualification,10200.0,2024-04-20,,False,
D00256,Jupiter Enterprises,South,Manufacturing,Cold Call,Ananya Rao,Prospecting,32200.0,2026-06-18,,False,
D00257,Vertex Solutions,Central,Retail,Trade Show,Rohit Verma,Proposal,12600.0,2024-03-06,,False,
D00258,Delta Systems,East,Education,Cold Call,Sneha Iyer,Closed Won,7900.0,2025-08-24,2025-10-26,True,63.0
D00259,Everest Corp,South,Education,Cold Call,Vikram Shah,Negotiation,10000.0,2025-01-15,,False,
D00260,Titan Industries,West,It Services,Website,Sneha Iyer,Prospecting,10500.0,2025-02-08,,False,
D00261,Bright Corp,South,It Services,Trade Show,Karan Malhotra,Closed Won,15500.0,2024-04-28,2024-08-07,True,101.0
D00262,Nexus Group,West,It Services,Cold Call,Ananya Rao,Negotiation,14000.0,2025-08-16,,False,
D00263,Zenith Industries,West,Healthcare,Partner,Rohit Verma,Closed Lost,11900.0,2025-06-25,2025-07-24,False,29.0
D00264,Vertex Enterprises,West,Healthcare,Cold Call,Ananya Rao,Prospecting,17000.0,2025-09-19,,False,
D00265,Falcon Systems,West,It Services,Cold Call,Kavya Reddy,Proposal,12800.0,2024-06-09,,False,
D00266,Crest Enterprises,West,Finance,Referral,Vikram Shah,Closed Lost,38600.0,2024-05-16,2024-07-28,False,73.0
D00267,Unity Group,North,Healthcare,Partner,Priya Nair,Qualification,30100.0,2025-09-21,,False,
D00268,Everest Technologies,West,Retail,Partner,Vikram Shah,Closed Won,3800.0,2025-03-01,2025-03-28,True,27.0
D00269,Delta Corp,South,Healthcare,Website,Karan Malhotra,Negotiation,16000.0,2025-08-04,,False,
D00270,Lumina Solutions,West,Finance,Social Media,Karan Malhotra,Negotiation,18000.0,2025-08-18,,False,
D00271,Jupiter Corp,East,It Services,Social Media,Karan Malhotra,Prospecting,22000.0,2025-02-17,,False,
D00272,Radiant Solutions,Central,It Services,Cold Call,Rohit Verma,Prospecting,13600.0,2025-08-04,,False,
D00273,Global Corp,West,Manufacturing,Website,Priya Nair,Prospecting,27500.0,2026-05-24,,False,
D00274,Everest Solutions,South,It Services,Social Media,Ananya Rao,Closed Lost,10000.0,2025-10-16,2025-11-27,False,42.0
D00275,Ironclad Industries,North,Finance,Trade Show,Ananya Rao,Proposal,37300.0,2024-10-31,,False,
D00276,Bright Technologies,North,Retail,Partner,Sneha Iyer,Closed Won,7500.0,2024-06-26,2024-07-19,True,23.0
D00277,Nexus Corp,North,Retail,Referral,Arjun Mehta,Prospecting,7200.0,2024-02-12,,False,
D00278,Pioneer Group,South,Manufacturing,Referral,Karan Malhotra,Closed Lost,31200.0,2025-05-31,2025-08-14,False,75.0
D00279,Summit Systems,East,Manufacturing,Cold Call,Karan Malhotra,Closed Won,3700.0,2024-12-09,2025-04-02,True,114.0
D00280,Orbit Enterprises,West,Education,Trade Show,Arjun Mehta,Qualification,5900.0,2024-10-03,,False,
D00281,Bright Industries,South,It Services,Referral,Ananya Rao,Closed Won,18100.0,2024-03-19,2024-04-19,True,31.0
D00282,Crest Corp,West,Retail,Referral,Rohit Verma,Proposal,5400.0,2026-01-29,,False,
D00283,Lumina Solutions,East,Finance,Cold Call,Priya Nair,Proposal,4400.0,2025-01-13,,False,
D00284,Unity Systems,West,Retail,Trade Show,Sneha Iyer,Qualification,4300.0,2024-01-08,,False,
D00285,Lumina Solutions,South,It Services,Trade Show,Arjun Mehta,Proposal,18200.0,2024-08-25,,False,
D00286,Kinetic Corp,Central,Healthcare,Cold Call,Vikram Shah,Negotiation,15600.0,2026-02-13,,False,
D00287,Falcon Corp,East,Finance,Trade Show,Arjun Mehta,Closed Lost,30300.0,2025-06-03,2025-07-03,False,30.0
D00288,Bright Technologies,Central,Finance,Social Media,Sneha Iyer,Closed Lost,19700.0,2024-01-16,2024-04-10,False,85.0
D00289,Bright Solutions,North,It Services,Website,Rohit Verma,Negotiation,17200.0,2026-04-16,,False,
D00290,Ironclad Technologies,East,Finance,Trade Show,Sneha Iyer,Proposal,33300.0,2025-01-16,,False,
D00291,Pioneer Enterprises,South,Education,Cold Call,Rohit Verma,Proposal,7800.0,2025-04-01,,False,
D00292,Kinetic Industries,North,Healthcare,Referral,Vikram Shah,Closed Won,15400.0,2024-06-04,2024-07-08,True,34.0
D00293,Orbit Group,North,Finance,Trade Show,Priya Nair,Negotiation,19200.0,2024-10-05,,False,
D00294,Titan Technologies,East,It Services,Social Media,Ananya Rao,Prospecting,16900.0,2024-09-28,,False,
D00295,Unity Enterprises,North,Education,Partner,Priya Nair,Closed Won,2800.0,2024-01-01,2024-03-06,True,65.0
D00296,Alpha Corp,West,Finance,Referral,Priya Nair,Closed Won,33600.0,2024-10-28,2024-12-02,True,35.0
D00297,Nexus Corp,East,Healthcare,Referral,Karan Malhotra,Prospecting,13900.0,2024-09-07,,False,
D00298,Horizon Corp,East,It Services,Website,Ananya Rao,Proposal,7100.0,2025-12-02,,False,
D00299,Titan Enterprises,East,Manufacturing,Cold Call,Ananya Rao,Closed Lost,18000.0,2024-06-02,2024-07-22,False,50.0
D00300,Summit Systems,North,Healthcare,Trade Show,Kavya Reddy,Negotiation,7400.0,2024-11-22,,False,
D00301,Alpha Technologies,North,Education,Website,Karan Malhotra,Proposal,5400.0,2025-03-12,,False,
D00302,Nexus Corp,West,Manufacturing,Website,Sneha Iyer,Closed Won,40300.0,2024-03-29,2024-05-26,True,58.0
D00303,Lumina Group,Central,Education,Website,Karan Malhotra,Qualification,8000.0,2025-09-23,,False,
D00304,Lumina Industries,Central,It Services,Partner,Priya Nair,Proposal,10900.0,2025-04-13,,False,
D00305,Lumina Corp,North,Finance,Trade Show,Arjun Mehta,Closed Lost,36000.0,2024-07-19,2024-09-25,False,68.0
D00306,Vertex Enterprises,East,Manufacturing,Trade Show,Sneha Iyer,Prospecting,37200.0,2025-07-12,,False,
D00307,Lumina Enterprises,West,It Services,Trade Show,Arjun Mehta,Negotiation,25500.0,2025-10-30,,False,
D00308,Ironclad Industries,South,Manufacturing,Cold Call,Kavya Reddy,Negotiation,18800.0,2025-08-01,,False,
D00309,Horizon Group,North,Finance,Trade Show,Arjun Mehta,Qualification,11400.0,2024-08-01,,False,
D00310,Crest Corp,North,Finance,Partner,Ananya Rao,Proposal,11900.0,2025-01-14,,False,
D00311,Quantum Corp,Central,Education,Website,Arjun Mehta,Negotiation,7800.0,2026-04-03,,False,
D00312,Unity Enterprises,West,Retail,Referral,Kavya Reddy,Prospecting,9500.0,2024-05-15,,False,
D00313,Ironclad Industries,North,Retail,Partner,Ananya Rao,Prospecting,16700.0,2024-12-28,,False,
D00314,Kinetic Corp,East,Retail,Partner,Karan Malhotra,Proposal,5700.0,2026-05-05,,False,
D00315,Pioneer Industries,Central,Finance,Partner,Rohit Verma,Closed Won,24200.0,2025-09-11,2025-09-24,True,13.0
D00316,Delta Corp,West,Manufacturing,Referral,Vikram Shah,Prospecting,26500.0,2025-03-06,,False,
D00317,Horizon Technologies,South,Finance,Cold Call,Kavya Reddy,Proposal,27500.0,2025-11-03,,False,
D00318,Bright Group,South,Finance,Website,Vikram Shah,Proposal,40300.0,2026-01-24,,False,
D00319,Global Technologies,South,Healthcare,Social Media,Ananya Rao,Negotiation,21300.0,2026-04-22,,False,
D00320,Lumina Group,South,Retail,Website,Arjun Mehta,Closed Lost,5300.0,2025-09-20,2025-10-09,False,19.0
D00321,Unity Corp,North,Retail,Website,Arjun Mehta,Prospecting,7700.0,2024-12-22,,False,
D00322,Falcon Solutions,East,Finance,Website,Sneha Iyer,Proposal,13100.0,2024-04-16,,False,
D00323,Vertex Technologies,North,Healthcare,Referral,Priya Nair,Closed Won,22200.0,2026-03-10,2026-05-01,True,52.0
D00324,Alpha Industries,Central,It Services,Partner,Karan Malhotra,Qualification,600.0,2024-10-16,,False,
D00325,Crest Group,Central,Manufacturing,Trade Show,Vikram Shah,Qualification,37700.0,2025-07-12,,False,
D00326,Lumina Corp,Central,Manufacturing,Trade Show,Karan Malhotra,Qualification,20000.0,2025-01-29,,False,
D00327,Crest Group,North,Finance,Referral,Sneha Iyer,Prospecting,8800.0,2026-04-12,,False,
D00328,Everest Solutions,South,Finance,Referral,Sneha Iyer,Closed Won,24300.0,2024-09-18,2024-10-01,True,13.0
D00329,Meridian Group,West,Retail,Website,Sneha Iyer,Negotiation,700.0,2025-10-07,,False,
D00330,Everest Enterprises,North,Finance,Social Media,Rohit Verma,Qualification,61600.0,2025-03-06,,False,
D00331,Meridian Group,East,Healthcare,Referral,Vikram Shah,Closed Won,18200.0,2024-12-30,2025-01-09,True,10.0
D00332,Alpha Technologies,West,Healthcare,Trade Show,Priya Nair,Qualification,8500.0,2025-01-17,,False,
D00333,Radiant Corp,Central,Retail,Cold Call,Rohit Verma,Closed Lost,6900.0,2024-10-06,2024-11-23,False,48.0
D00334,Vertex Group,Central,Retail,Partner,Rohit Verma,Closed Won,7100.0,2026-01-30,2026-05-08,True,98.0
D00335,Orbit Technologies,South,Healthcare,Social Media,Sneha Iyer,Negotiation,13100.0,2024-03-04,,False,
D00336,Summit Group,South,It Services,Social Media,Ananya Rao,Qualification,15500.0,2024-07-02,,False,
D00337,Alpha Corp,South,It Services,Social Media,Priya Nair,Closed Lost,14700.0,2025-10-27,2026-01-09,False,74.0
D00338,Radiant Industries,East,Healthcare,Website,Priya Nair,Proposal,26600.0,2024-08-03,,False,
D00339,Titan Enterprises,Central,Healthcare,Website,Karan Malhotra,Negotiation,15600.0,2026-01-20,,False,
D00340,Everest Enterprises,North,Healthcare,Social Media,Priya Nair,Negotiation,24400.0,2026-04-28,,False,
D00341,Jupiter Corp,East,Healthcare,Social Media,Vikram Shah,Negotiation,23700.0,2024-01-22,,False,
D00342,Orbit Group,South,Retail,Cold Call,Karan Malhotra,Proposal,6300.0,2024-10-03,,False,
D00343,Orbit Enterprises,West,Retail,Partner,Ananya Rao,Prospecting,10700.0,2025-10-08,,False,
D00344,Horizon Systems,West,Healthcare,Referral,Kavya Reddy,Closed Won,26500.0,2024-05-20,2024-07-18,True,59.0
D00345,Meridian Enterprises,East,Healthcare,Cold Call,Arjun Mehta,Closed Won,9900.0,2024-09-21,2024-11-28,True,68.0
D00346,Bright Industries,East,Healthcare,Social Media,Karan Malhotra,Prospecting,28500.0,2024-10-16,,False,
D00347,Orbit Systems,South,Manufacturing,Referral,Sneha Iyer,Proposal,25000.0,2025-10-17,,False,
D00348,Unity Systems,East,Education,Partner,Kavya Reddy,Closed Won,4200.0,2025-05-22,2025-06-03,True,12.0
D00349,Unity Group,Central,Finance,Partner,Priya Nair,Proposal,19700.0,2024-11-16,,False,
D00350,Vertex Technologies,South,Manufacturing,Trade Show,Karan Malhotra,Closed Won,29300.0,2024-12-02,2025-01-19,True,48.0
D00351,Horizon Solutions,West,Finance,Cold Call,Kavya Reddy,Closed Won,16500.0,2024-06-26,2024-10-26,True,122.0
D00352,Quantum Systems,South,Healthcare,Website,Rohit Verma,Prospecting,15700.0,2024-10-16,,False,
D00353,Vertex Corp,South,Finance,Referral,Vikram Shah,Prospecting,32300.0,2025-03-16,,False,
D00354,Kinetic Industries,Central,It Services,Website,Karan Malhotra,Prospecting,20400.0,2026-02-14,,False,
D00355,Delta Technologies,North,Healthcare,Referral,Rohit Verma,Prospecting,4500.0,2025-07-30,,False,
D00356,Zenith Solutions,South,Manufacturing,Partner,Ananya Rao,Closed Lost,20900.0,2025-07-21,2025-08-07,False,17.0
D00357,Delta Systems,North,It Services,Cold Call,Ananya Rao,Negotiation,11300.0,2024-08-22,,False,
D00358,Lumina Enterprises,Central,It Services,Cold Call,Priya Nair,Qualification,14200.0,2026-03-03,,False,
D00359,Nexus Group,North,Healthcare,Referral,Karan Malhotra,Proposal,14800.0,2024-10-30,,False,
D00360,Meridian Technologies,North,Finance,Referral,Sneha Iyer,Prospecting,25200.0,2024-08-23,,False,
D00361,Meridian Enterprises,North,It Services,Partner,Kavya Reddy,Closed Won,10500.0,2024-11-24,2025-01-16,True,53.0
D00362,Lumina Enterprises,East,It Services,Social Media,Rohit Verma,Prospecting,12500.0,2024-09-19,,False,
D00363,Vertex Corp,East,Finance,Website,Ananya Rao,Closed Won,28200.0,2025-06-23,2025-08-06,True,44.0
D00364,Everest Corp,Central,Manufacturing,Social Media,Sneha Iyer,Proposal,22700.0,2025-10-11,,False,
D00365,Kinetic Industries,North,It Services,Social Media,Rohit Verma,Proposal,9000.0,2025-01-21,,False,
D00366,Zenith Technologies,South,Education,Website,Rohit Verma,Prospecting,3900.0,2026-01-09,,False,
D00367,Ironclad Solutions,Central,Manufacturing,Cold Call,Kavya Reddy,Closed Lost,22400.0,2025-08-26,2025-09-19,False,24.0
D00368,Lumina Group,North,Manufacturing,Trade Show,Ananya Rao,Qualification,12100.0,2026-01-05,,False,
D00369,Kinetic Industries,West,Healthcare,Website,Karan Malhotra,Negotiation,6800.0,2025-01-07,,False,
D00370,Bright Solutions,West,Healthcare,Partner,Ananya Rao,Proposal,23700.0,2024-02-14,,False,
D00371,Horizon Industries,West,It Services,Referral,Rohit Verma,Proposal,16100.0,2025-02-15,,False,
D00372,Lumina Systems,West,Education,Website,Ananya Rao,Negotiation,2200.0,2025-03-09,,False,
D00373,Kinetic Group,Central,Finance,Trade Show,Kavya Reddy,Closed Lost,40400.0,2024-12-27,2025-01-25,False,29.0
D00374,Orbit Systems,West,Education,Social Media,Rohit Verma,Qualification,5200.0,2026-04-12,,False,
D00375,Radiant Corp,North,Healthcare,Social Media,Ananya Rao,Closed Lost,6400.0,2026-01-22,2026-03-06,False,43.0
D00376,Meridian Systems,South,Education,Referral,Arjun Mehta,Closed Lost,2600.0,2025-07-26,2025-09-08,False,44.0
D00377,Kinetic Systems,North,Healthcare,Partner,Vikram Shah,Negotiation,16100.0,2024-08-22,,False,
D00378,Pioneer Group,North,It Services,Cold Call,Rohit Verma,Negotiation,15300.0,2025-10-29,,False,
D00379,Radiant Solutions,South,Healthcare,Social Media,Arjun Mehta,Proposal,20400.0,2024-05-18,,False,
D00380,Bright Industries,East,Finance,Cold Call,Sneha Iyer,Qualification,30300.0,2025-01-24,,False,
D00381,Alpha Group,South,Education,Trade Show,Kavya Reddy,Closed Lost,3700.0,2025-03-25,2025-05-19,False,55.0
D00382,Delta Enterprises,West,Retail,Partner,Vikram Shah,Closed Won,10900.0,2025-08-22,2025-10-13,True,52.0
D00383,Horizon Group,South,It Services,Referral,Kavya Reddy,Negotiation,2300.0,2024-09-11,,False,
D00384,Meridian Enterprises,North,Finance,Cold Call,Rohit Verma,Proposal,25700.0,2026-02-28,,False,
D00385,Quantum Group,North,Retail,Partner,Kavya Reddy,Closed Lost,12500.0,2026-01-29,2026-02-24,False,26.0
D00386,Radiant Enterprises,East,Manufacturing,Social Media,Ananya Rao,Prospecting,19000.0,2025-11-05,,False,
D00387,Alpha Solutions,Central,Healthcare,Referral,Rohit Verma,Proposal,21500.0,2024-04-25,,False,
D00388,Meridian Industries,North,Education,Referral,Karan Malhotra,Prospecting,7600.0,2026-06-19,,False,
D00389,Lumina Solutions,East,Healthcare,Partner,Priya Nair,Proposal,16700.0,2026-01-02,,False,
D00390,Zenith Solutions,Central,Finance,Social Media,Rohit Verma,Closed Lost,31400.0,2024-07-17,2024-08-30,False,44.0
D00391,Nexus Industries,North,Healthcare,Social Media,Rohit Verma,Negotiation,25100.0,2024-04-18,,False,
D00392,Orbit Group,East,Finance,Website,Priya Nair,Prospecting,24300.0,2025-04-19,,False,
D00393,Quantum Systems,West,Healthcare,Referral,Ananya Rao,Proposal,24900.0,2025-06-19,,False,
D00394,Ironclad Industries,Central,Finance,Social Media,Sneha Iyer,Qualification,22200.0,2024-06-29,,False,
D00395,Titan Group,South,Education,Partner,Sneha Iyer,Prospecting,6300.0,2024-11-21,,False,
D00396,Summit Systems,West,It Services,Trade Show,Arjun Mehta,Prospecting,8500.0,2025-01-18,,False,
D00397,Pioneer Group,South,Education,Social Media,Sneha Iyer,Proposal,10400.0,2026-06-27,,False,
D00398,Pioneer Corp,East,Education,Trade Show,Kavya Reddy,Prospecting,9500.0,2024-07-24,,False,
D00399,Ironclad Industries,South,Manufacturing,Cold Call,Vikram Shah,Proposal,7800.0,2026-01-22,,False,
D00400,Titan Systems,North,Retail,Trade Show,Karan Malhotra,Negotiation,11100.0,2025-10-12,,False,
D00401,Bright Systems,East,It Services,Website,Ananya Rao,Closed Won,13100.0,2024-04-11,2024-06-13,True,63.0
D00402,Quantum Solutions,South,Finance,Social Media,Ananya Rao,Prospecting,51500.0,2024-01-01,,False,
D00403,Titan Technologies,North,Finance,Social Media,Arjun Mehta,Prospecting,38800.0,2026-02-01,,False,
D00404,Delta Solutions,East,Manufacturing,Trade Show,Karan Malhotra,Closed Lost,27600.0,2024-04-18,2024-07-01,False,74.0
D00405,Falcon Industries,West,Healthcare,Partner,Priya Nair,Closed Lost,34500.0,2026-03-11,2026-04-12,False,32.0
D00406,Lumina Group,Central,Education,Cold Call,Priya Nair,Qualification,10600.0,2024-07-11,,False,
D00407,Global Corp,East,Retail,Partner,Karan Malhotra,Closed Won,5200.0,2025-07-08,2025-08-06,True,29.0
D00408,Pioneer Technologies,East,Healthcare,Referral,Rohit Verma,Negotiation,9200.0,2025-01-09,,False,
D00409,Nexus Enterprises,North,Finance,Website,Rohit Verma,Negotiation,24800.0,2024-05-19,,False,
D00410,Ironclad Group,North,Education,Referral,Karan Malhotra,Qualification,4800.0,2024-04-27,,False,
D00411,Global Systems,North,Finance,Trade Show,Arjun Mehta,Proposal,32500.0,2025-07-12,,False,
D00412,Titan Enterprises,East,Education,Partner,Karan Malhotra,Qualification,7000.0,2024-08-02,,False,
D00413,Falcon Solutions,Central,Manufacturing,Website,Vikram Shah,Closed Lost,22700.0,2024-12-26,2025-01-31,False,36.0
D00414,Crest Solutions,East,Retail,Trade Show,Kavya Reddy,Closed Won,13500.0,2024-03-22,2024-04-12,True,21.0
D00415,Kinetic Systems,South,Education,Social Media,Vikram Shah,Qualification,6300.0,2025-05-28,,False,
D00416,Titan Technologies,West,Healthcare,Website,Arjun Mehta,Qualification,11600.0,2024-10-21,,False,
D00417,Orbit Group,South,Education,Cold Call,Arjun Mehta,Qualification,5800.0,2026-04-13,,False,
D00418,Bright Enterprises,North,Healthcare,Trade Show,Priya Nair,Proposal,33500.0,2026-02-16,,False,
D00419,Meridian Technologies,East,Education,Trade Show,Vikram Shah,Closed Won,2700.0,2024-11-10,2024-11-30,True,20.0
D00420,Delta Industries,West,Healthcare,Website,Vikram Shah,Qualification,29100.0,2024-01-07,,False,
D00421,Vertex Solutions,North,Manufacturing,Referral,Priya Nair,Negotiation,27300.0,2024-08-24,,False,
D00422,Summit Technologies,West,Finance,Cold Call,Ananya Rao,Closed Won,48800.0,2024-05-06,2024-06-06,True,31.0
D00423,Alpha Industries,North,Finance,Trade Show,Kavya Reddy,Closed Won,27000.0,2024-06-18,2024-09-06,True,80.0
D00424,Zenith Solutions,East,Manufacturing,Social Media,Karan Malhotra,Negotiation,32000.0,2026-04-09,,False,
D00425,Summit Corp,North,Healthcare,Social Media,Karan Malhotra,Closed Won,19500.0,2024-12-03,2024-12-17,True,14.0
D00426,Global Industries,Central,Education,Cold Call,Ananya Rao,Proposal,5000.0,2025-05-04,,False,
D00427,Delta Solutions,West,Education,Referral,Karan Malhotra,Qualification,9300.0,2025-07-23,,False,
D00428,Vertex Group,West,Manufacturing,Referral,Kavya Reddy,Prospecting,12100.0,2024-09-08,,False,
D00429,Delta Technologies,Central,Healthcare,Social Media,Karan Malhotra,Proposal,21100.0,2024-08-01,,False,
D00430,Alpha Corp,East,Education,Social Media,Vikram Shah,Qualification,5300.0,2024-07-25,,False,
D00431,Titan Group,South,Healthcare,Partner,Kavya Reddy,Closed Won,15600.0,2025-10-06,2025-11-08,True,33.0
D00432,Titan Industries,South,Retail,Partner,Sneha Iyer,Closed Lost,6400.0,2024-07-14,2024-08-09,False,26.0
D00433,Global Industries,South,Retail,Referral,Vikram Shah,Closed Lost,10000.0,2025-07-20,2025-09-13,False,55.0
D00434,Everest Solutions,East,Education,Website,Arjun Mehta,Negotiation,5300.0,2024-01-06,,False,
D00435,Meridian Corp,North,Finance,Partner,Kavya Reddy,Closed Won,37300.0,2024-03-27,2024-05-17,True,51.0
D00436,Everest Corp,Central,Retail,Partner,Vikram Shah,Qualification,5800.0,2025-01-06,,False,
D00437,Jupiter Group,North,Education,Cold Call,Karan Malhotra,Prospecting,8300.0,2026-01-27,,False,
D00438,Ironclad Solutions,West,Healthcare,Trade Show,Vikram Shah,Proposal,7800.0,2025-09-25,,False,
D00439,Horizon Group,East,Education,Social Media,Rohit Verma,Qualification,7400.0,2024-09-03,,False,
D00440,Crest Solutions,North,Education,Website,Priya Nair,Proposal,9600.0,2025-05-23,,False,
D00441,Orbit Enterprises,North,Manufacturing,Partner,Karan Malhotra,Proposal,19800.0,2024-12-19,,False,
D00442,Global Enterprises,Central,Finance,Referral,Ananya Rao,Negotiation,40300.0,2025-07-13,,False,
D00443,Kinetic Industries,North,Retail,Social Media,Ananya Rao,Closed Won,5100.0,2024-01-07,2024-02-10,True,34.0
D00444,Ironclad Industries,South,It Services,Website,Arjun Mehta,Negotiation,25300.0,2025-06-24,,False,
D00445,Summit Solutions,North,Education,Partner,Priya Nair,Closed Won,8900.0,2024-04-02,2024-05-10,True,38.0
D00446,Horizon Solutions,East,Finance,Social Media,Arjun Mehta,Proposal,29500.0,2025-03-04,,False,
D00447,Titan Industries,West,Retail,Trade Show,Kavya Reddy,Prospecting,8200.0,2026-01-05,,False,
D00448,Orbit Technologies,South,Finance,Partner,Arjun Mehta,Prospecting,17100.0,2024-02-18,,False,
D00449,Kinetic Solutions,West,Healthcare,Trade Show,Rohit Verma,Closed Won,22200.0,2025-11-24,2025-12-19,True,25.0
D00450,Bright Enterprises,North,Retail,Trade Show,Kavya Reddy,Qualification,7300.0,2025-02-17,,False,
D00451,Everest Enterprises,North,It Services,Website,Vikram Shah,Proposal,23000.0,2025-05-18,,False,
D00452,Global Technologies,Central,Healthcare,Trade Show,Sneha Iyer,Prospecting,9900.0,2025-05-14,,False,
D00453,Zenith Systems,Central,Manufacturing,Website,Karan Malhotra,Qualification,42000.0,2024-09-21,,False,
D00454,Meridian Group,South,It Services,Referral,Sneha Iyer,Closed Won,9900.0,2026-03-14,2026-05-25,True,72.0
D00455,Lumina Solutions,Central,Healthcare,Referral,Arjun Mehta,Qualification,13300.0,2024-02-28,,False,
D00456,Quantum Corp,East,Manufacturing,Referral,Arjun Mehta,Closed Won,39200.0,2024-10-26,2025-02-18,True,115.0
D00457,Alpha Corp,East,Education,Cold Call,Arjun Mehta,Proposal,4000.0,2026-03-16,,False,
D00458,Global Enterprises,East,It Services,Social Media,Vikram Shah,Qualification,11300.0,2025-01-12,,False,
D00459,Horizon Industries,Central,It Services,Trade Show,Ananya Rao,Closed Won,18500.0,2024-07-25,2024-08-19,True,25.0
D00460,Everest Technologies,Central,Finance,Cold Call,Kavya Reddy,Qualification,31100.0,2025-11-07,,False,
D00461,Radiant Solutions,East,Finance,Partner,Arjun Mehta,Proposal,26800.0,2026-06-20,,False,
D00462,Lumina Group,Central,Education,Cold Call,Rohit Verma,Qualification,11900.0,2024-09-20,,False,
D00463,Unity Group,North,Healthcare,Trade Show,Priya Nair,Proposal,9500.0,2025-02-03,,False,
D00464,Nexus Solutions,East,Education,Social Media,Kavya Reddy,Negotiation,3500.0,2025-05-22,,False,
D00465,Jupiter Group,East,Healthcare,Partner,Sneha Iyer,Closed Won,19000.0,2025-11-25,2026-02-06,True,73.0
D00466,Pioneer Group,Central,Healthcare,Website,Rohit Verma,Closed Won,15700.0,2025-01-17,2025-02-26,True,40.0
D00467,Lumina Solutions,East,Finance,Cold Call,Sneha Iyer,Negotiation,41500.0,2025-11-25,,False,
D00468,Zenith Corp,East,Finance,Referral,Priya Nair,Closed Won,29300.0,2026-06-18,2026-06-30,True,12.0
D00469,Zenith Industries,East,Finance,Trade Show,Sneha Iyer,Prospecting,32100.0,2025-12-22,,False,
D00470,Orbit Technologies,East,Retail,Trade Show,Ananya Rao,Qualification,8200.0,2024-06-30,,False,
D00471,Radiant Technologies,North,Finance,Social Media,Arjun Mehta,Proposal,27900.0,2025-02-09,,False,
D00472,Meridian Enterprises,East,It Services,Referral,Arjun Mehta,Closed Won,22100.0,2024-10-22,2024-11-07,True,16.0
D00473,Horizon Enterprises,West,Healthcare,Social Media,Rohit Verma,Closed Lost,12200.0,2026-04-13,2026-05-30,False,47.0
D00474,Pioneer Group,East,Finance,Cold Call,Kavya Reddy,Negotiation,28200.0,2025-10-01,,False,
D00475,Titan Technologies,North,Finance,Social Media,Arjun Mehta,Closed Won,22400.0,2024-06-29,2024-07-25,True,26.0
D00476,Jupiter Corp,West,Retail,Website,Karan Malhotra,Proposal,9600.0,2026-01-12,,False,
D00477,Titan Solutions,West,Manufacturing,Referral,Priya Nair,Prospecting,6500.0,2024-04-07,,False,
D00478,Horizon Technologies,Central,Education,Website,Karan Malhotra,Closed Lost,4100.0,2024-12-23,2025-01-29,False,37.0
D00479,Jupiter Systems,East,Education,Partner,Arjun Mehta,Qualification,2600.0,2024-02-25,,False,
D00480,Radiant Corp,Central,Manufacturing,Social Media,Rohit Verma,Prospecting,12000.0,2024-01-13,,False,
D00481,Everest Corp,East,It Services,Social Media,Karan Malhotra,Closed Lost,13300.0,2025-01-17,2025-02-15,False,29.0
D00482,Zenith Industries,East,It Services,Trade Show,Arjun Mehta,Proposal,16900.0,2024-09-22,,False,
D00483,Pioneer Solutions,South,Retail,Social Media,Sneha Iyer,Closed Won,11600.0,2025-05-04,2025-06-12,True,39.0
D00484,Titan Solutions,Central,Retail,Website,Karan Malhotra,Qualification,10200.0,2025-02-02,,False,
D00485,Falcon Group,Central,Retail,Trade Show,Rohit Verma,Proposal,5400.0,2025-12-31,,False,
D00486,Horizon Enterprises,West,Healthcare,Website,Karan Malhotra,Proposal,20400.0,2024-02-17,,False,
D00487,Global Industries,South,Education,Social Media,Rohit Verma,Closed Lost,3000.0,2026-05-26,2026-06-30,False,35.0
D00488,Crest Enterprises,West,Finance,Social Media,Priya Nair,Negotiation,40200.0,2026-04-24,,False,
D00489,Crest Solutions,North,Education,Social Media,Karan Malhotra,Closed Lost,4300.0,2025-08-30,2025-10-04,False,35.0
D00490,Ironclad Systems,Central,Education,Trade Show,Ananya Rao,Closed Won,7000.0,2024-06-25,2024-07-29,True,34.0
D00491,Jupiter Solutions,West,Finance,Partner,Kavya Reddy,Negotiation,26300.0,2025-05-01,,False,
D00492,Alpha Systems,North,Education,Trade Show,Ananya Rao,Proposal,4500.0,2024-10-02,,False,
D00493,Global Enterprises,East,Manufacturing,Cold Call,Sneha Iyer,Closed Lost,40900.0,2024-11-23,2024-12-14,False,21.0
D00494,Meridian Solutions,South,Retail,Social Media,Kavya Reddy,Negotiation,7300.0,2024-09-28,,False,
D00495,Ironclad Technologies,North,Healthcare,Trade Show,Kavya Reddy,Closed Won,16000.0,2026-01-02,2026-04-24,True,112.0
D00496,Orbit Industries,North,It Services,Website,Arjun Mehta,Closed Won,9500.0,2025-12-14,2026-01-30,True,47.0
D00497,Meridian Corp,South,Retail,Trade Show,Ananya Rao,Prospecting,8700.0,2024-02-13,,False,
D00498,Unity Enterprises,East,Healthcare,Website,Ananya Rao,Closed Won,7700.0,2024-04-16,2024-06-08,True,53.0
D00499,Kinetic Industries,North,Retail,Cold Call,Priya Nair,Closed Won,4100.0,2025-05-07,2025-05-26,True,19.0
D00500,Falcon Technologies,North,Education,Cold Call,Karan Malhotra,Closed Lost,6800.0,2024-04-13,2024-05-03,False,20.0
D00501,Quantum Industries,Central,It Services,Referral,Karan Malhotra,Closed Lost,10100.0,2024-08-05,2024-09-28,False,54.0
D00502,Alpha Solutions,East,Education,Cold Call,Rohit Verma,Qualification,1400.0,2024-03-23,,False,
D00503,Ironclad Systems,South,It Services,Social Media,Rohit Verma,Closed Lost,15200.0,2024-07-28,2024-09-14,False,48.0
D00504,Vertex Solutions,Central,Retail,Referral,Priya Nair,Negotiation,8800.0,2024-07-02,,False,
D00505,Pioneer Industries,East,Finance,Cold Call,Vikram Shah,Negotiation,38700.0,2024-12-25,,False,
D00506,Orbit Solutions,North,Finance,Trade Show,Vikram Shah,Proposal,25400.0,2024-09-27,,False,
D00507,Crest Solutions,North,Education,Website,Vikram Shah,Closed Lost,8400.0,2024-05-19,2024-07-26,False,68.0
D00508,Orbit Solutions,Central,Retail,Trade Show,Arjun Mehta,Prospecting,8900.0,2025-09-19,,False,
D00509,Everest Corp,North,Finance,Website,Vikram Shah,Prospecting,26700.0,2024-09-06,,False,
D00510,Crest Corp,East,Manufacturing,Partner,Rohit Verma,Prospecting,32200.0,2024-10-29,,False,
D00511,Titan Industries,East,Manufacturing,Referral,Ananya Rao,Negotiation,23200.0,2026-05-21,,False,
D00512,Meridian Corp,Central,Finance,Partner,Karan Malhotra,Prospecting,26300.0,2024-07-10,,False,
D00513,Summit Corp,East,Manufacturing,Website,Karan Malhotra,Qualification,21400.0,2026-05-10,,False,
D00514,Ironclad Systems,Central,Finance,Social Media,Rohit Verma,Closed Won,29200.0,2025-08-24,2025-10-15,True,52.0
D00515,Zenith Corp,West,Retail,Trade Show,Ananya Rao,Prospecting,9400.0,2025-05-09,,False,
D00516,Falcon Group,South,Finance,Website,Arjun Mehta,Closed Lost,32700.0,2025-07-05,2025-07-24,False,19.0
D00517,Meridian Industries,North,Retail,Social Media,Vikram Shah,Proposal,6600.0,2024-07-26,,False,
D00518,Meridian Industries,Central,Education,Partner,Priya Nair,Closed Won,3900.0,2025-03-04,2025-05-14,True,71.0
D00519,Orbit Enterprises,South,Retail,Website,Vikram Shah,Prospecting,5900.0,2024-02-29,,False,
D00520,Quantum Industries,East,Manufacturing,Referral,Rohit Verma,Qualification,21600.0,2025-06-15,,False,
D00521,Quantum Group,East,Healthcare,Trade Show,Priya Nair,Qualification,19200.0,2025-01-18,,False,
D00522,Quantum Systems,South,It Services,Partner,Sneha Iyer,Negotiation,12200.0,2025-09-03,,False,
D00523,Pioneer Technologies,Central,Education,Trade Show,Karan Malhotra,Closed Won,6200.0,2026-03-10,2026-04-12,True,33.0
D00524,Horizon Systems,East,Retail,Partner,Vikram Shah,Negotiation,3100.0,2024-07-12,,False,
D00525,Crest Corp,South,Finance,Website,Karan Malhotra,Proposal,32400.0,2025-05-18,,False,
D00526,Zenith Enterprises,South,Healthcare,Social Media,Sneha Iyer,Closed Won,15100.0,2024-07-15,2024-10-17,True,94.0
D00527,Jupiter Technologies,South,Manufacturing,Website,Sneha Iyer,Closed Lost,28400.0,2024-04-02,2024-05-05,False,33.0
D00528,Delta Systems,East,Healthcare,Website,Karan Malhotra,Qualification,16200.0,2025-03-22,,False,
D00529,Falcon Group,East,Finance,Social Media,Karan Malhotra,Qualification,28400.0,2025-03-27,,False,
D00530,Ironclad Technologies,Central,Healthcare,Referral,Priya Nair,Negotiation,22200.0,2026-05-29,,False,
D00531,Ironclad Industries,North,Manufacturing,Website,Priya Nair,Negotiation,29400.0,2024-03-16,,False,
D00532,Bright Enterprises,West,Education,Website,Rohit Verma,Proposal,3200.0,2024-06-23,,False,
D00533,Nexus Solutions,North,Manufacturing,Social Media,Vikram Shah,Proposal,35800.0,2024-09-04,,False,
D00534,Kinetic Group,West,Manufacturing,Referral,Priya Nair,Negotiation,19300.0,2024-01-25,,False,
D00535,Kinetic Industries,South,Manufacturing,Social Media,Priya Nair,Closed Won,21400.0,2025-08-19,2025-10-11,True,53.0
D00536,Falcon Industries,Central,Healthcare,Referral,Karan Malhotra,Proposal,13100.0,2026-01-24,,False,
D00537,Vertex Solutions,West,Finance,Trade Show,Kavya Reddy,Negotiation,42100.0,2024-10-30,,False,
D00538,Meridian Corp,East,Education,Trade Show,Rohit Verma,Qualification,4900.0,2025-04-18,,False,
D00539,Delta Technologies,Central,Finance,Referral,Karan Malhotra,Qualification,23200.0,2025-04-09,,False,
D00540,Pioneer Corp,West,Finance,Social Media,Kavya Reddy,Qualification,500.0,2025-09-21,,False,
D00541,Unity Enterprises,West,Healthcare,Partner,Vikram Shah,Proposal,15300.0,2024-07-13,,False,
D00542,Vertex Technologies,South,Education,Referral,Sneha Iyer,Closed Lost,6800.0,2024-01-27,2024-05-03,False,97.0
D00543,Vertex Enterprises,South,Finance,Cold Call,Arjun Mehta,Proposal,14500.0,2024-01-30,,False,
D00544,Titan Systems,East,Healthcare,Social Media,Arjun Mehta,Qualification,9100.0,2025-01-01,,False,
D00545,Vertex Solutions,West,Education,Cold Call,Sneha Iyer,Closed Won,7300.0,2024-11-30,2025-02-07,True,69.0
D00546,Jupiter Systems,South,Finance,Referral,Ananya Rao,Qualification,37300.0,2026-04-15,,False,
D00547,Titan Solutions,East,Finance,Referral,Priya Nair,Proposal,43400.0,2025-03-16,,False,
D00548,Kinetic Industries,North,Education,Partner,Kavya Reddy,Negotiation,7300.0,2024-05-09,,False,
D00549,Alpha Systems,North,Healthcare,Trade Show,Karan Malhotra,Prospecting,35500.0,2026-06-26,,False,
D00550,Kinetic Enterprises,South,Healthcare,Referral,Priya Nair,Closed Won,15100.0,2024-06-29,2024-08-24,True,56.0
D00551,Bright Industries,South,Healthcare,Website,Arjun Mehta,Qualification,23300.0,2024-07-13,,False,
D00552,Jupiter Industries,West,Retail,Partner,Vikram Shah,Proposal,13700.0,2024-01-30,,False,
D00553,Meridian Corp,South,Finance,Social Media,Karan Malhotra,Negotiation,34400.0,2026-04-24,,False,
D00554,Horizon Industries,South,Retail,Referral,Rohit Verma,Closed Won,7000.0,2024-10-09,2024-11-03,True,25.0
D00555,Delta Corp,West,Manufacturing,Website,Priya Nair,Closed Won,35100.0,2026-05-13,2026-06-21,True,39.0
D00556,Global Enterprises,West,Finance,Trade Show,Rohit Verma,Proposal,14900.0,2024-03-18,,False,
D00557,Lumina Corp,Central,Manufacturing,Social Media,Vikram Shah,Proposal,29400.0,2026-06-24,,False,
D00558,Alpha Enterprises,Central,It Services,Website,Karan Malhotra,Closed Won,17200.0,2025-02-23,2025-03-19,True,24.0
D00559,Delta Enterprises,Central,Healthcare,Cold Call,Sneha Iyer,Qualification,19100.0,2024-07-13,,False,
D00560,Nexus Enterprises,West,Retail,Partner,Kavya Reddy,Prospecting,8000.0,2024-04-13,,False,
D00561,Titan Systems,West,Manufacturing,Partner,Sneha Iyer,Closed Lost,33800.0,2025-07-09,2025-08-09,False,31.0
D00562,Nexus Corp,East,Retail,Trade Show,Priya Nair,Closed Lost,8400.0,2026-04-26,2026-06-25,False,60.0
D00563,Horizon Systems,South,Finance,Partner,Rohit Verma,Proposal,41100.0,2025-05-25,,False,
D00564,Vertex Solutions,East,Education,Cold Call,Sneha Iyer,Qualification,1300.0,2025-10-02,,False,
D00565,Falcon Enterprises,North,Manufacturing,Partner,Rohit Verma,Qualification,21100.0,2025-03-12,,False,
D00566,Lumina Technologies,East,It Services,Cold Call,Sneha Iyer,Prospecting,5500.0,2024-04-21,,False,
D00567,Meridian Technologies,East,Finance,Cold Call,Sneha Iyer,Closed Won,20900.0,2025-11-09,2025-12-31,True,52.0
D00568,Jupiter Solutions,East,Healthcare,Trade Show,Karan Malhotra,Negotiation,25500.0,2024-04-20,,False,
D00569,Titan Group,East,Finance,Trade Show,Ananya Rao,Qualification,21000.0,2026-01-21,,False,
D00570,Kinetic Group,East,Healthcare,Social Media,Vikram Shah,Negotiation,17700.0,2026-02-17,,False,
D00571,Alpha Group,West,Education,Website,Vikram Shah,Proposal,6800.0,2025-03-23,,False,
D00572,Falcon Corp,Central,It Services,Website,Rohit Verma,Closed Lost,17800.0,2026-06-04,2026-06-30,False,26.0
D00573,Vertex Corp,North,Finance,Website,Sneha Iyer,Prospecting,28000.0,2025-02-24,,False,
D00574,Kinetic Technologies,East,Retail,Social Media,Vikram Shah,Negotiation,8700.0,2024-04-25,,False,
D00575,Alpha Technologies,North,Education,Partner,Priya Nair,Qualification,3700.0,2025-01-01,,False,
D00576,Nexus Corp,West,Retail,Cold Call,Karan Malhotra,Qualification,9000.0,2026-02-20,,False,
D00577,Falcon Systems,Central,Education,Trade Show,Vikram Shah,Proposal,5900.0,2024-12-23,,False,
D00578,Falcon Group,South,Retail,Partner,Vikram Shah,Closed Lost,8400.0,2024-08-04,2024-09-23,False,50.0
D00579,Delta Industries,West,Finance,Trade Show,Vikram Shah,Qualification,48000.0,2026-03-30,,False,
D00580,Horizon Enterprises,South,Retail,Partner,Priya Nair,Negotiation,10900.0,2024-09-16,,False,
D00581,Nexus Industries,East,Healthcare,Cold Call,Karan Malhotra,Proposal,6600.0,2024-10-18,,False,
D00582,Quantum Systems,East,Healthcare,Trade Show,Sneha Iyer,Negotiation,12200.0,2025-06-11,,False,
D00583,Vertex Group,North,It Services,Social Media,Arjun Mehta,Qualification,6600.0,2024-10-30,,False,
D00584,Falcon Corp,South,Manufacturing,Referral,Sneha Iyer,Closed Lost,37700.0,2024-09-11,2024-09-30,False,19.0
D00585,Alpha Solutions,Central,Education,Website,Vikram Shah,Proposal,7000.0,2024-01-19,,False,
D00586,Unity Systems,West,Finance,Website,Priya Nair,Closed Won,43800.0,2024-08-16,2024-08-28,True,12.0
D00587,Crest Systems,Central,It Services,Social Media,Vikram Shah,Negotiation,13600.0,2026-02-08,,False,
D00588,Radiant Technologies,South,Healthcare,Trade Show,Priya Nair,Closed Lost,26200.0,2025-02-24,2025-04-28,False,63.0
D00589,Zenith Group,South,Retail,Website,Sneha Iyer,Qualification,6200.0,2024-01-22,,False,
D00590,Vertex Enterprises,North,Retail,Referral,Sneha Iyer,Closed Won,4200.0,2024-05-23,2024-06-25,True,33.0
D00591,Crest Group,South,Finance,Cold Call,Kavya Reddy,Closed Won,23900.0,2025-12-27,2026-02-27,True,62.0
D00592,Falcon Enterprises,East,Education,Trade Show,Kavya Reddy,Qualification,4000.0,2026-02-16,,False,
D00593,Zenith Enterprises,Central,Healthcare,Partner,Karan Malhotra,Proposal,13500.0,2024-06-23,,False,
D00594,Quantum Enterprises,South,Retail,Social Media,Karan Malhotra,Closed Won,8200.0,2024-07-13,2024-09-05,True,54.0
D00595,Radiant Technologies,East,Education,Website,Ananya Rao,Prospecting,7900.0,2025-03-03,,False,
D00596,Radiant Corp,East,Education,Partner,Priya Nair,Proposal,8700.0,2025-02-23,,False,
D00597,Summit Group,West,Manufacturing,Cold Call,Rohit Verma,Prospecting,20300.0,2024-05-20,,False,
D00598,Pioneer Group,West,Education,Website,Vikram Shah,Negotiation,9500.0,2025-04-12,,False,
D00599,Titan Corp,Central,Finance,Partner,Ananya Rao,Proposal,14900.0,2026-06-22,,False,
D00600,Zenith Group,West,Finance,Referral,Kavya Reddy,Proposal,36100.0,2026-03-23,,False,
D00601,Kinetic Systems,West,Retail,Website,Priya Nair,Closed Lost,6900.0,2024-05-26,2024-07-18,False,53.0
D00602,Alpha Group,East,Manufacturing,Trade Show,Kavya Reddy,Qualification,17400.0,2025-12-26,,False,
D00603,Crest Corp,South,Healthcare,Referral,Kavya Reddy,Prospecting,18300.0,2024-05-05,,False,
D00604,Pioneer Group,West,Education,Social Media,Karan Malhotra,Negotiation,3600.0,2026-04-24,,False,
D00605,Alpha Corp,South,Finance,Website,Ananya Rao,Closed Won,46400.0,2024-08-23,2024-09-25,True,33.0
D00606,Orbit Industries,Central,Healthcare,Referral,Kavya Reddy,Proposal,9600.0,2026-05-24,,False,
D00607,Summit Systems,East,Finance,Trade Show,Vikram Shah,Qualification,29400.0,2024-11-08,,False,
D00608,Unity Enterprises,East,Education,Cold Call,Ananya Rao,Prospecting,5600.0,2024-02-19,,False,
D00609,Quantum Technologies,West,Finance,Social Media,Sneha Iyer,Closed Won,47600.0,2026-04-04,2026-06-02,True,59.0
D00610,Falcon Corp,North,Education,Cold Call,Ananya Rao,Qualification,6200.0,2025-06-20,,False,
D00611,Summit Solutions,Central,Healthcare,Website,Karan Malhotra,Prospecting,15400.0,2024-06-16,,False,
D00612,Delta Industries,Central,Healthcare,Social Media,Ananya Rao,Proposal,24700.0,2024-08-28,,False,
D00613,Ironclad Industries,East,Retail,Social Media,Priya Nair,Negotiation,8600.0,2026-01-07,,False,
D00614,Meridian Corp,South,It Services,Referral,Vikram Shah,Qualification,10900.0,2024-02-11,,False,
D00615,Titan Solutions,South,Manufacturing,Social Media,Ananya Rao,Prospecting,26400.0,2026-05-22,,False,
D00616,Ironclad Solutions,North,It Services,Website,Sneha Iyer,Proposal,28800.0,2025-08-22,,False,
D00617,Ironclad Group,West,Manufacturing,Partner,Vikram Shah,Closed Lost,22200.0,2025-10-19,2025-11-01,False,13.0
D00618,Jupiter Technologies,West,Finance,Trade Show,Sneha Iyer,Closed Lost,39500.0,2025-09-02,2025-10-24,False,52.0
D00619,Summit Enterprises,West,Finance,Partner,Arjun Mehta,Negotiation,39400.0,2024-05-09,,False,
D00620,Quantum Enterprises,South,It Services,Trade Show,Kavya Reddy,Negotiation,22200.0,2026-01-04,,False,
D00621,Kinetic Corp,East,Manufacturing,Cold Call,Vikram Shah,Negotiation,33900.0,2026-05-20,,False,
D00622,Zenith Group,North,It Services,Website,Rohit Verma,Closed Won,6500.0,2026-05-01,2026-05-29,True,28.0
D00623,Summit Industries,East,Education,Trade Show,Kavya Reddy,Prospecting,5900.0,2024-07-01,,False,
D00624,Meridian Enterprises,West,Healthcare,Referral,Ananya Rao,Closed Won,20300.0,2024-08-19,2024-09-12,True,24.0
D00625,Zenith Industries,South,Education,Partner,Arjun Mehta,Prospecting,7000.0,2025-07-01,,False,
D00626,Crest Group,South,Healthcare,Social Media,Vikram Shah,Negotiation,17100.0,2025-11-16,,False,
D00627,Vertex Group,East,Healthcare,Trade Show,Karan Malhotra,Qualification,20500.0,2024-07-02,,False,
D00628,Crest Group,North,Finance,Social Media,Rohit Verma,Prospecting,13200.0,2024-11-22,,False,
D00629,Jupiter Enterprises,West,Retail,Cold Call,Priya Nair,Closed Won,4100.0,2025-06-02,2025-08-11,True,70.0
D00630,Crest Technologies,North,Healthcare,Partner,Karan Malhotra,Proposal,30200.0,2024-06-13,,False,
D00631,Quantum Technologies,West,Education,Partner,Sneha Iyer,Prospecting,4600.0,2025-11-17,,False,
D00632,Radiant Technologies,South,Education,Cold Call,Kavya Reddy,Qualification,6800.0,2024-02-19,,False,
D00633,Bright Enterprises,East,Education,Partner,Ananya Rao,Qualification,7000.0,2024-09-03,,False,
D00634,Vertex Systems,North,Finance,Referral,Vikram Shah,Qualification,30500.0,2025-03-21,,False,
D00635,Horizon Group,Central,Retail,Social Media,Arjun Mehta,Prospecting,7400.0,2025-04-21,,False,
D00636,Unity Corp,Central,It Services,Partner,Sneha Iyer,Negotiation,14400.0,2025-08-23,,False,
D00637,Global Solutions,South,Manufacturing,Trade Show,Sneha Iyer,Closed Lost,33800.0,2024-10-17,2024-12-07,False,51.0
D00638,Pioneer Group,North,Finance,Partner,Rohit Verma,Negotiation,13100.0,2026-05-11,,False,
D00639,Nexus Industries,South,Finance,Social Media,Priya Nair,Negotiation,25100.0,2024-09-21,,False,
D00640,Alpha Technologies,Central,Manufacturing,Cold Call,Priya Nair,Closed Won,15100.0,2025-06-13,2025-08-13,True,61.0
D00641,Pioneer Solutions,West,It Services,Social Media,Arjun Mehta,Prospecting,14400.0,2024-04-15,,False,
D00642,Jupiter Industries,North,Finance,Cold Call,Kavya Reddy,Proposal,24600.0,2024-01-18,,False,
D00643,Global Corp,West,Healthcare,Referral,Vikram Shah,Closed Won,18300.0,2024-03-19,2024-04-25,True,37.0
D00644,Ironclad Group,Central,Finance,Referral,Arjun Mehta,Closed Won,41000.0,2025-04-14,2025-05-18,True,34.0
D00645,Titan Group,East,Healthcare,Social Media,Karan Malhotra,Proposal,12400.0,2025-03-06,,False,
D00646,Vertex Group,North,It Services,Cold Call,Arjun Mehta,Qualification,10400.0,2025-03-06,,False,
D00647,Nexus Systems,South,Manufacturing,Website,Arjun Mehta,Closed Won,41900.0,2024-07-30,2024-09-14,True,46.0
D00648,Alpha Technologies,West,Manufacturing,Cold Call,Vikram Shah,Closed Won,16100.0,2024-07-25,2024-09-11,True,48.0
D00649,Unity Enterprises,Central,Retail,Cold Call,Ananya Rao,Proposal,7400.0,2026-05-02,,False,
D00650,Kinetic Industries,West,Retail,Trade Show,Vikram Shah,Prospecting,4500.0,2024-02-23,,False,
D00651,Nexus Corp,South,Education,Partner,Rohit Verma,Closed Won,6600.0,2026-06-07,2026-06-30,True,23.0
D00652,Quantum Enterprises,East,Manufacturing,Referral,Vikram Shah,Qualification,29800.0,2024-01-16,,False,
D00653,Radiant Corp,Central,Manufacturing,Social Media,Priya Nair,Negotiation,25250.0,2026-05-22,,False,
D00654,Alpha Systems,South,Finance,Trade Show,Priya Nair,Qualification,39600.0,2024-02-14,,False,
D00655,Pioneer Corp,South,Retail,Social Media,Kavya Reddy,Closed Lost,13000.0,2024-08-06,2024-09-27,False,52.0
D00656,Zenith Systems,South,Retail,Website,Ananya Rao,Qualification,7600.0,2025-08-01,,False,
D00657,Falcon Systems,Central,Education,Trade Show,Karan Malhotra,Closed Won,6500.0,2025-05-29,2025-07-20,True,52.0
D00658,Quantum Industries,South,Education,Trade Show,Sneha Iyer,Prospecting,4500.0,2024-01-10,,False,
D00659,Quantum Corp,West,Retail,Social Media,Priya Nair,Negotiation,5700.0,2025-11-12,,False,
D00660,Everest Group,South,Retail,Cold Call,Vikram Shah,Closed Won,10600.0,2024-07-05,2024-08-06,True,32.0
D00661,Everest Industries,Central,Education,Website,Ananya Rao,Proposal,6000.0,2024-04-26,,False,
D00662,Horizon Solutions,North,Finance,Referral,Karan Malhotra,Closed Won,33800.0,2024-11-13,2024-12-17,True,34.0
D00663,Jupiter Technologies,South,Finance,Website,Vikram Shah,Qualification,49800.0,2025-11-25,,False,
D00664,Delta Solutions,North,Retail,Social Media,Ananya Rao,Negotiation,16600.0,2024-04-10,,False,
D00665,Summit Solutions,East,It Services,Partner,Kavya Reddy,Closed Lost,14100.0,2025-07-12,2025-08-22,False,41.0
D00666,Bright Industries,North,Manufacturing,Partner,Priya Nair,Qualification,32900.0,2024-06-02,,False,
D00667,Crest Group,West,Retail,Trade Show,Ananya Rao,Negotiation,9600.0,2026-03-20,,False,
D00668,Alpha Industries,West,Finance,Social Media,Arjun Mehta,Closed Won,46100.0,2025-12-12,2026-02-02,True,52.0
D00669,Nexus Systems,West,Retail,Social Media,Priya Nair,Proposal,2200.0,2025-05-01,,False,
D00670,Nexus Technologies,Central,Manufacturing,Cold Call,Vikram Shah,Closed Won,24100.0,2024-06-09,2024-06-22,True,13.0
D00671,Nexus Corp,South,It Services,Website,Sneha Iyer,Qualification,8800.0,2024-10-12,,False,
D00672,Orbit Enterprises,South,Manufacturing,Website,Kavya Reddy,Prospecting,23500.0,2026-03-26,,False,
D00673,Nexus Group,West,Manufacturing,Trade Show,Rohit Verma,Proposal,44100.0,2026-03-01,,False,
D00674,Falcon Enterprises,South,It Services,Partner,Arjun Mehta,Closed Lost,21000.0,2025-05-26,2025-07-03,False,38.0
D00675,Unity Group,East,Education,Trade Show,Priya Nair,Qualification,4700.0,2026-01-03,,False,
D00676,Ironclad Systems,South,Finance,Partner,Sneha Iyer,Closed Won,34300.0,2024-12-22,2025-01-23,True,32.0
D00677,Unity Industries,North,Manufacturing,Partner,Karan Malhotra,Qualification,36200.0,2025-01-21,,False,
D00678,Zenith Corp,South,It Services,Social Media,Rohit Verma,Closed Won,22900.0,2025-04-16,2025-05-30,True,44.0
D00679,Meridian Solutions,North,It Services,Trade Show,Vikram Shah,Closed Won,23700.0,2025-10-18,2025-11-30,True,43.0
D00680,Jupiter Solutions,East,Manufacturing,Trade Show,Ananya Rao,Negotiation,10000.0,2024-05-11,,False,
D00681,Lumina Industries,East,Healthcare,Website,Kavya Reddy,Qualification,6600.0,2026-02-12,,False,
D00682,Horizon Technologies,South,Finance,Trade Show,Karan Malhotra,Proposal,22000.0,2025-09-27,,False,
D00683,Unity Corp,Central,Education,Social Media,Vikram Shah,Proposal,1300.0,2025-04-21,,False,
D00684,Falcon Corp,North,Retail,Referral,Arjun Mehta,Closed Lost,6700.0,2025-11-09,2026-01-09,False,61.0
D00685,Summit Solutions,North,Healthcare,Referral,Arjun Mehta,Closed Lost,9500.0,2026-04-21,2026-06-23,False,63.0
D00686,Titan Technologies,North,Healthcare,Referral,Karan Malhotra,Negotiation,27000.0,2024-03-10,,False,
D00687,Jupiter Solutions,South,Education,Website,Rohit Verma,Prospecting,3600.0,2026-03-26,,False,
D00688,Radiant Systems,Central,Retail,Partner,Vikram Shah,Proposal,8600.0,2026-01-07,,False,
D00689,Vertex Solutions,East,Healthcare,Referral,Sneha Iyer,Prospecting,9100.0,2024-08-16,,False,
D00690,Delta Industries,West,Retail,Cold Call,Vikram Shah,Closed Lost,13100.0,2026-06-11,2026-06-29,False,18.0
D00691,Pioneer Industries,East,Manufacturing,Cold Call,Arjun Mehta,Closed Won,23300.0,2026-04-15,2026-06-17,True,63.0
D00692,Meridian Group,Central,Manufacturing,Social Media,Arjun Mehta,Qualification,16400.0,2026-06-22,,False,
D00693,Lumina Solutions,East,Manufacturing,Referral,Kavya Reddy,Qualification,38700.0,2026-03-07,,False,
D00694,Zenith Corp,South,Manufacturing,Trade Show,Karan Malhotra,Prospecting,8700.0,2024-09-14,,False,
D00695,Nexus Solutions,West,Finance,Website,Sneha Iyer,Closed Won,15300.0,2024-07-06,2024-08-18,True,43.0
D00696,Falcon Industries,West,Healthcare,Trade Show,Sneha Iyer,Qualification,22800.0,2025-10-16,,False,
D00697,Global Enterprises,Central,Finance,Website,Priya Nair,Closed Lost,26500.0,2025-02-24,2025-03-16,False,20.0
D00698,Lumina Solutions,Central,Manufacturing,Website,Rohit Verma,Closed Lost,25800.0,2024-07-07,2024-08-07,False,31.0
D00699,Crest Enterprises,Central,Education,Trade Show,Arjun Mehta,Proposal,6200.0,2026-01-01,,False,
D00700,Ironclad Enterprises,West,Finance,Website,Kavya Reddy,Closed Lost,47000.0,2025-04-26,2025-05-14,False,18.0
D00701,Radiant Technologies,South,It Services,Social Media,Rohit Verma,Closed Lost,5300.0,2026-02-06,2026-02-28,False,22.0
D00702,Ironclad Enterprises,South,It Services,Partner,Priya Nair,Proposal,17700.0,2024-10-07,,False,
D00703,Ironclad Systems,South,Retail,Social Media,Rohit Verma,Qualification,10100.0,2025-05-24,,False,
D00704,Everest Solutions,West,Manufacturing,Trade Show,Rohit Verma,Qualification,12300.0,2025-03-04,,False,
D00705,Jupiter Corp,East,Healthcare,Cold Call,Arjun Mehta,Prospecting,17300.0,2025-12-30,,False,
D00706,Delta Systems,West,Retail,Cold Call,Ananya Rao,Negotiation,8400.0,2024-03-30,,False,
D00707,Quantum Technologies,East,Healthcare,Referral,Kavya Reddy,Negotiation,17500.0,2026-01-13,,False,
D00708,Lumina Corp,Central,Healthcare,Trade Show,Karan Malhotra,Negotiation,12500.0,2025-04-18,,False,
D00709,Vertex Enterprises,West,It Services,Referral,Kavya Reddy,Prospecting,14800.0,2024-11-06,,False,
D00710,Quantum Solutions,West,Finance,Partner,Kavya Reddy,Prospecting,35300.0,2024-03-24,,False,
D00711,Summit Enterprises,West,It Services,Trade Show,Rohit Verma,Qualification,21000.0,2024-02-14,,False,
D00712,Bright Solutions,West,Finance,Trade Show,Priya Nair,Qualification,14000.0,2024-10-26,,False,
D00713,Summit Enterprises,South,Education,Cold Call,Rohit Verma,Proposal,5900.0,2025-03-28,,False,
D00714,Unity Industries,North,Education,Partner,Arjun Mehta,Prospecting,5800.0,2025-01-26,,False,
D00715,Meridian Corp,East,It Services,Referral,Ananya Rao,Closed Lost,22400.0,2025-03-20,2025-04-07,False,18.0
D00716,Falcon Industries,South,It Services,Referral,Kavya Reddy,Proposal,26800.0,2025-07-08,,False,
D00717,Everest Enterprises,West,It Services,Social Media,Arjun Mehta,Closed Won,14900.0,2026-06-15,2026-06-30,True,15.0
D00718,Alpha Industries,North,Finance,Cold Call,Karan Malhotra,Qualification,44800.0,2025-06-13,,False,
D00719,Meridian Systems,East,Retail,Partner,Arjun Mehta,Prospecting,9100.0,2024-08-14,,False,
D00720,Unity Enterprises,South,Finance,Social Media,Priya Nair,Prospecting,43700.0,2025-03-11,,False,
D00721,Ironclad Industries,South,Manufacturing,Cold Call,Rohit Verma,Closed Won,25300.0,2025-05-23,2025-06-19,True,27.0
D00722,Vertex Group,North,Finance,Referral,Sneha Iyer,Negotiation,24800.0,2025-07-27,,False,
D00723,Radiant Industries,South,Retail,Cold Call,Rohit Verma,Closed Lost,7000.0,2024-03-21,2024-04-18,False,28.0
D00724,Crest Corp,West,Retail,Trade Show,Karan Malhotra,Closed Won,4400.0,2026-03-08,2026-04-08,True,31.0
D00725,Quantum Enterprises,West,It Services,Website,Sneha Iyer,Qualification,4700.0,2026-03-05,,False,
D00726,Nexus Group,West,Education,Referral,Karan Malhotra,Qualification,6100.0,2026-04-06,,False,
D00727,Falcon Group,South,It Services,Referral,Rohit Verma,Closed Won,8500.0,2026-01-01,2026-02-15,True,45.0
D00728,Radiant Enterprises,North,Education,Cold Call,Priya Nair,Negotiation,10700.0,2025-05-25,,False,
D00729,Vertex Systems,West,Manufacturing,Cold Call,Arjun Mehta,Closed Lost,34400.0,2024-06-15,2024-07-28,False,43.0
D00730,Lumina Solutions,North,Retail,Website,Kavya Reddy,Prospecting,5100.0,2025-11-08,,False,
D00731,Global Corp,West,Manufacturing,Website,Rohit Verma,Closed Won,25800.0,2024-05-12,2024-08-10,True,90.0
D00732,Summit Corp,South,Education,Partner,Vikram Shah,Closed Won,6500.0,2026-03-19,2026-04-11,True,23.0
D00733,Lumina Enterprises,South,Healthcare,Cold Call,Sneha Iyer,Closed Won,16500.0,2025-02-21,2025-03-06,True,13.0
D00734,Global Industries,Central,Manufacturing,Trade Show,Vikram Shah,Qualification,34100.0,2025-11-18,,False,
D00735,Crest Group,East,Finance,Social Media,Rohit Verma,Qualification,20400.0,2026-06-23,,False,
D00736,Meridian Technologies,East,It Services,Website,Karan Malhotra,Qualification,8400.0,2024-11-19,,False,
D00737,Titan Solutions,North,Manufacturing,Website,Sneha Iyer,Prospecting,30000.0,2024-08-28,,False,
D00738,Kinetic Systems,East,Manufacturing,Social Media,Kavya Reddy,Qualification,27600.0,2026-03-30,,False,
D00739,Meridian Technologies,Central,Retail,Website,Sneha Iyer,Closed Won,500.0,2025-01-30,2025-03-18,True,47.0
D00740,Everest Solutions,Central,Healthcare,Cold Call,Karan Malhotra,Closed Won,24800.0,2024-02-26,2024-06-07,True,102.0
D00741,Kinetic Enterprises,West,Manufacturing,Cold Call,Karan Malhotra,Proposal,26900.0,2024-07-02,,False,
D00742,Radiant Industries,North,It Services,Website,Vikram Shah,Qualification,4200.0,2026-04-18,,False,
D00743,Bright Corp,East,Education,Social Media,Arjun Mehta,Closed Won,3700.0,2025-07-10,2025-09-01,True,53.0
D00744,Orbit Enterprises,West,Retail,Social Media,Vikram Shah,Closed Won,8300.0,2025-01-03,2025-04-25,True,112.0
D00745,Lumina Solutions,South,Manufacturing,Cold Call,Karan Malhotra,Closed Won,22200.0,2025-01-07,2025-02-08,True,32.0
D00746,Ironclad Group,West,Manufacturing,Social Media,Sneha Iyer,Prospecting,23000.0,2024-12-23,,False,
D00747,Meridian Group,Central,Finance,Trade Show,Karan Malhotra,Negotiation,26500.0,2026-04-16,,False,
D00748,Orbit Solutions,Central,It Services,Referral,Sneha Iyer,Qualification,6200.0,2025-07-12,,False,
D00749,Summit Systems,North,Finance,Social Media,Sneha Iyer,Prospecting,33900.0,2025-07-13,,False,
D00750,Bright Group,North,Finance,Social Media,Arjun Mehta,Closed Lost,33300.0,2024-04-06,2024-05-12,False,36.0
D00751,Alpha Industries,East,Healthcare,Trade Show,Kavya Reddy,Negotiation,13600.0,2024-05-02,,False,
D00752,Lumina Enterprises,East,Healthcare,Referral,Vikram Shah,Proposal,13200.0,2024-02-12,,False,
D00753,Delta Corp,Central,Manufacturing,Referral,Rohit Verma,Proposal,24400.0,2024-09-14,,False,
D00754,Nexus Solutions,North,Healthcare,Referral,Sneha Iyer,Prospecting,26100.0,2024-03-25,,False,
D00755,Pioneer Industries,South,Finance,Social Media,Kavya Reddy,Qualification,45200.0,2024-08-17,,False,
D00756,Bright Corp,West,Finance,Cold Call,Sneha Iyer,Negotiation,30100.0,2025-10-17,,False,
D00757,Global Corp,North,Healthcare,Website,Sneha Iyer,Proposal,30400.0,2026-04-09,,False,
D00758,Radiant Industries,Central,It Services,Referral,Arjun Mehta,Qualification,30100.0,2025-06-16,,False,
D00759,Everest Corp,West,It Services,Partner,Arjun Mehta,Closed Won,14200.0,2025-08-28,2025-10-30,True,63.0
D00760,Alpha Industries,West,Education,Social Media,Sneha Iyer,Prospecting,7400.0,2024-04-02,,False,
D00761,Summit Industries,East,Finance,Referral,Sneha Iyer,Qualification,44300.0,2024-03-13,,False,
D00762,Nexus Solutions,South,Manufacturing,Trade Show,Ananya Rao,Negotiation,43500.0,2025-12-27,,False,
D00763,Falcon Enterprises,North,Education,Partner,Priya Nair,Closed Won,6500.0,2025-06-20,2025-07-15,True,25.0
D00764,Zenith Solutions,South,Manufacturing,Referral,Vikram Shah,Negotiation,20400.0,2024-11-09,,False,
D00765,Meridian Corp,East,Retail,Partner,Rohit Verma,Prospecting,10400.0,2025-07-30,,False,
D00766,Meridian Industries,East,Education,Trade Show,Sneha Iyer,Qualification,7600.0,2024-04-14,,False,
D00767,Orbit Solutions,North,Manufacturing,Cold Call,Ananya Rao,Qualification,17400.0,2024-08-30,,False,
D00768,Pioneer Systems,North,Manufacturing,Website,Sneha Iyer,Closed Lost,37500.0,2024-04-24,2024-05-30,False,36.0
D00769,Vertex Technologies,North,It Services,Cold Call,Karan Malhotra,Closed Lost,14600.0,2024-01-02,2024-02-29,False,58.0
D00770,Summit Corp,South,Healthcare,Website,Sneha Iyer,Prospecting,30100.0,2025-03-14,,False,
D00771,Unity Solutions,West,It Services,Trade Show,Rohit Verma,Prospecting,12900.0,2024-12-22,,False,
D00772,Delta Technologies,South,Education,Referral,Sneha Iyer,Prospecting,2700.0,2025-03-09,,False,
D00773,Nexus Industries,North,It Services,Cold Call,Ananya Rao,Qualification,19600.0,2026-04-01,,False,
D00774,Global Solutions,East,Retail,Cold Call,Vikram Shah,Qualification,10400.0,2024-04-10,,False,
D00775,Delta Technologies,East,Finance,Referral,Karan Malhotra,Qualification,22300.0,2026-01-24,,False,
D00776,Jupiter Solutions,West,Healthcare,Partner,Ananya Rao,Proposal,22600.0,2025-06-24,,False,
D00777,Orbit Corp,Central,Finance,Referral,Arjun Mehta,Closed Won,47400.0,2024-04-09,2024-04-24,True,15.0
D00778,Radiant Corp,East,Education,Cold Call,Priya Nair,Prospecting,2600.0,2025-03-16,,False,
D00779,Titan Solutions,Central,Manufacturing,Referral,Vikram Shah,Prospecting,23500.0,2026-05-23,,False,
D00780,Vertex Enterprises,West,Manufacturing,Trade Show,Sneha Iyer,Closed Lost,19900.0,2026-05-14,2026-06-07,False,24.0
D00781,Ironclad Solutions,Central,Healthcare,Referral,Ananya Rao,Qualification,11900.0,2025-06-25,,False,
D00782,Vertex Industries,West,Healthcare,Website,Vikram Shah,Closed Lost,31100.0,2025-01-20,2025-02-06,False,17.0
D00783,Nexus Enterprises,West,Manufacturing,Referral,Sneha Iyer,Prospecting,42800.0,2024-06-20,,False,
D00784,Falcon Corp,South,Finance,Social Media,Kavya Reddy,Closed Lost,31700.0,2026-02-06,2026-03-07,False,29.0
D00785,Quantum Solutions,Central,Education,Cold Call,Rohit Verma,Negotiation,6000.0,2024-01-26,,False,
D00786,Radiant Enterprises,South,Healthcare,Referral,Vikram Shah,Proposal,15800.0,2025-12-16,,False,
D00787,Horizon Solutions,South,Healthcare,Partner,Rohit Verma,Closed Won,28400.0,2025-07-09,2025-08-20,True,42.0
D00788,Summit Solutions,East,Manufacturing,Cold Call,Arjun Mehta,Negotiation,19900.0,2024-11-23,,False,
D00789,Everest Solutions,North,Manufacturing,Trade Show,Karan Malhotra,Closed Won,29400.0,2025-11-12,2025-12-08,True,26.0
D00790,Orbit Enterprises,North,Manufacturing,Partner,Arjun Mehta,Prospecting,25400.0,2026-01-01,,False,
D00791,Pioneer Enterprises,South,Finance,Social Media,Vikram Shah,Proposal,24300.0,2026-05-14,,False,
D00792,Quantum Corp,North,Retail,Social Media,Vikram Shah,Proposal,7300.0,2025-07-04,,False,
D00793,Zenith Corp,North,It Services,Referral,Ananya Rao,Negotiation,23300.0,2024-08-03,,False,
D00794,Zenith Systems,East,Education,Social Media,Priya Nair,Closed Lost,5700.0,2024-07-04,2024-08-22,False,49.0
D00795,Unity Systems,Central,Finance,Website,Vikram Shah,Prospecting,23200.0,2024-04-13,,False,
D00796,Crest Systems,South,Manufacturing,Cold Call,Arjun Mehta,Closed Won,38300.0,2026-06-16,2026-06-30,True,14.0
D00797,Crest Group,North,It Services,Trade Show,Sneha Iyer,Prospecting,6400.0,2025-02-06,,False,
D00798,Bright Enterprises,South,It Services,Partner,Ananya Rao,Closed Won,21600.0,2024-04-30,2024-06-28,True,59.0
D00799,Zenith Solutions,East,Education,Trade Show,Priya Nair,Proposal,4400.0,2024-06-21,,False,
D00800,Jupiter Industries,South,Retail,Cold Call,Karan Malhotra,Proposal,5600.0,2025-10-16,,False,
D00801,Nexus Industries,South,Finance,Cold Call,Vikram Shah,Closed Won,39500.0,2024-07-10,2024-07-31,True,21.0
D00802,Falcon Systems,Central,Healthcare,Referral,Priya Nair,Closed Won,17300.0,2026-03-16,2026-05-01,True,46.0
D00803,Lumina Systems,East,Manufacturing,Trade Show,Priya Nair,Negotiation,40600.0,2025-03-04,,False,
D00804,Everest Group,Central,Retail,Partner,Priya Nair,Qualification,1700.0,2025-12-16,,False,
D00805,Kinetic Systems,Central,Healthcare,Trade Show,Rohit Verma,Qualification,25800.0,2025-11-03,,False,
D00806,Global Enterprises,North,Healthcare,Cold Call,Vikram Shah,Prospecting,3400.0,2025-01-11,,False,
D00807,Falcon Industries,North,Manufacturing,Website,Karan Malhotra,Closed Won,29100.0,2024-09-11,2025-01-06,True,117.0
D00808,Lumina Corp,North,Retail,Cold Call,Priya Nair,Closed Won,8600.0,2026-03-29,2026-04-18,True,20.0
D00809,Everest Corp,East,It Services,Partner,Rohit Verma,Prospecting,11100.0,2024-07-23,,False,
D00810,Radiant Technologies,South,It Services,Trade Show,Karan Malhotra,Prospecting,21600.0,2024-06-09,,False,
D00811,Radiant Enterprises,West,Retail,Referral,Kavya Reddy,Closed Lost,6100.0,2025-07-04,2025-08-07,False,34.0
D00812,Radiant Systems,North,Manufacturing,Referral,Ananya Rao,Qualification,27900.0,2024-11-20,,False,
D00813,Zenith Enterprises,West,Healthcare,Referral,Vikram Shah,Negotiation,18100.0,2025-05-30,,False,
D00814,Nexus Enterprises,North,Healthcare,Website,Vikram Shah,Qualification,11000.0,2024-06-01,,False,
D00815,Nexus Industries,Central,Finance,Referral,Kavya Reddy,Negotiation,25900.0,2026-02-26,,False,
D00816,Delta Solutions,East,Finance,Referral,Rohit Verma,Closed Won,19400.0,2025-12-01,2026-02-14,True,75.0
D00817,Horizon Corp,North,Healthcare,Referral,Karan Malhotra,Proposal,14300.0,2026-02-03,,False,
D00818,Pioneer Industries,Central,Manufacturing,Cold Call,Rohit Verma,Qualification,24900.0,2025-06-07,,False,
D00819,Crest Technologies,West,Finance,Partner,Arjun Mehta,Closed Won,21900.0,2024-10-09,2024-10-24,True,15.0
D00820,Vertex Systems,Central,Manufacturing,Website,Arjun Mehta,Closed Lost,38200.0,2026-02-07,2026-04-23,False,75.0
D00821,Pioneer Enterprises,North,Education,Trade Show,Karan Malhotra,Closed Lost,9800.0,2024-11-10,2024-12-02,False,22.0
D00822,Crest Technologies,South,Finance,Referral,Ananya Rao,Closed Lost,32600.0,2024-07-05,2024-08-29,False,55.0
D00823,Global Technologies,East,Healthcare,Website,Karan Malhotra,Prospecting,30600.0,2024-02-22,,False,
D00824,Radiant Group,East,Finance,Partner,Kavya Reddy,Prospecting,27600.0,2025-08-21,,False,
D00825,Bright Group,East,Manufacturing,Cold Call,Priya Nair,Prospecting,16200.0,2026-03-28,,False,
D00826,Kinetic Systems,South,Healthcare,Website,Priya Nair,Closed Won,21500.0,2025-10-09,2025-11-05,True,27.0
D00827,Global Industries,Central,Education,Trade Show,Priya Nair,Proposal,8100.0,2026-05-25,,False,
D00828,Radiant Systems,Central,It Services,Trade Show,Rohit Verma,Negotiation,20700.0,2024-07-29,,False,
D00829,Radiant Industries,East,Finance,Partner,Vikram Shah,Closed Lost,21600.0,2024-05-20,2024-06-27,False,38.0
D00830,Vertex Corp,North,Healthcare,Referral,Arjun Mehta,Qualification,9000.0,2024-08-30,,False,
D00831,Nexus Technologies,Central,Retail,Social Media,Rohit Verma,Qualification,8700.0,2024-08-24,,False,
D00832,Horizon Systems,South,Finance,Social Media,Vikram Shah,Closed Won,41600.0,2024-06-06,2024-07-01,True,25.0
D00833,Kinetic Technologies,North,Manufacturing,Trade Show,Rohit Verma,Negotiation,25500.0,2025-12-15,,False,
D00834,Radiant Corp,Central,Manufacturing,Trade Show,Priya Nair,Prospecting,34700.0,2026-01-15,,False,
D00835,Alpha Industries,West,Healthcare,Trade Show,Sneha Iyer,Closed Won,20400.0,2025-04-10,2025-06-08,True,59.0
D00836,Global Systems,South,Retail,Partner,Vikram Shah,Qualification,12000.0,2024-12-19,,False,
D00837,Jupiter Solutions,Central,Manufacturing,Social Media,Rohit Verma,Prospecting,21200.0,2026-05-20,,False,
D00838,Orbit Solutions,West,Finance,Cold Call,Rohit Verma,Proposal,17800.0,2024-12-29,,False,
D00839,Ironclad Group,South,Manufacturing,Cold Call,Vikram Shah,Closed Lost,13600.0,2025-04-15,2025-04-24,False,9.0
D00840,Zenith Systems,West,Retail,Cold Call,Kavya Reddy,Prospecting,9200.0,2024-08-21,,False,
D00841,Unity Group,South,It Services,Cold Call,Priya Nair,Qualification,12200.0,2024-12-01,,False,
D00842,Kinetic Solutions,East,Finance,Website,Vikram Shah,Proposal,36500.0,2025-01-28,,False,
D00843,Alpha Solutions,South,Retail,Referral,Sneha Iyer,Closed Lost,6100.0,2025-12-16,2026-01-18,False,33.0
D00844,Alpha Group,West,Finance,Cold Call,Karan Malhotra,Closed Lost,45600.0,2026-01-07,2026-03-03,False,55.0
D00845,Jupiter Solutions,Central,Retail,Social Media,Karan Malhotra,Qualification,11400.0,2025-05-14,,False,
D00846,Zenith Corp,West,Manufacturing,Website,Priya Nair,Closed Lost,15600.0,2026-01-23,2026-02-14,False,22.0
D00847,Horizon Corp,East,Retail,Social Media,Arjun Mehta,Closed Won,6900.0,2025-10-12,2025-12-25,True,74.0
D00848,Nexus Technologies,West,Retail,Website,Kavya Reddy,Proposal,8000.0,2025-06-29,,False,
D00849,Meridian Enterprises,North,Retail,Trade Show,Ananya Rao,Qualification,6200.0,2025-01-08,,False,
D00850,Orbit Corp,North,Finance,Website,Rohit Verma,Negotiation,27000.0,2026-02-12,,False,
D00851,Lumina Solutions,North,Retail,Cold Call,Priya Nair,Qualification,9000.0,2025-01-26,,False,
D00852,Lumina Group,North,Education,Trade Show,Sneha Iyer,Proposal,10300.0,2025-07-04,,False,
D00853,Global Corp,East,It Services,Trade Show,Karan Malhotra,Negotiation,25100.0,2026-04-24,,False,
D00854,Pioneer Solutions,West,Healthcare,Referral,Arjun Mehta,Closed Won,2800.0,2025-07-23,2025-08-16,True,24.0
D00855,Bright Enterprises,West,Retail,Trade Show,Ananya Rao,Negotiation,14500.0,2024-11-28,,False,
D00856,Horizon Systems,West,It Services,Cold Call,Kavya Reddy,Proposal,7700.0,2025-02-18,,False,
D00857,Everest Solutions,Central,Finance,Partner,Kavya Reddy,Closed Lost,32800.0,2026-01-05,2026-02-26,False,52.0
D00858,Crest Corp,East,Healthcare,Social Media,Karan Malhotra,Negotiation,24500.0,2025-10-29,,False,
D00859,Quantum Technologies,South,Education,Social Media,Karan Malhotra,Qualification,8000.0,2024-04-18,,False,
D00860,Quantum Group,East,It Services,Referral,Sneha Iyer,Proposal,21400.0,2026-03-20,,False,
D00861,Horizon Corp,West,Retail,Cold Call,Karan Malhotra,Qualification,2700.0,2024-09-10,,False,
D00862,Quantum Systems,West,It Services,Trade Show,Kavya Reddy,Prospecting,10700.0,2025-09-03,,False,
D00863,Falcon Solutions,West,Retail,Referral,Kavya Reddy,Qualification,11000.0,2025-08-07,,False,
D00864,Titan Corp,South,Retail,Social Media,Vikram Shah,Qualification,2400.0,2024-09-05,,False,
D00865,Ironclad Solutions,East,It Services,Partner,Kavya Reddy,Closed Lost,21200.0,2025-02-18,2025-03-31,False,41.0
D00866,Everest Solutions,West,Healthcare,Social Media,Kavya Reddy,Closed Won,25200.0,2025-11-29,2026-02-07,True,70.0
D00867,Vertex Corp,South,Manufacturing,Referral,Ananya Rao,Closed Lost,24700.0,2024-06-10,2024-07-04,False,24.0
D00868,Lumina Corp,West,Manufacturing,Website,Rohit Verma,Closed Lost,12900.0,2024-01-23,2024-03-15,False,52.0
D00869,Quantum Technologies,East,Healthcare,Social Media,Priya Nair,Closed Lost,17100.0,2026-02-23,2026-06-09,False,106.0
D00870,Ironclad Corp,South,Healthcare,Social Media,Arjun Mehta,Negotiation,27000.0,2025-12-03,,False,
D00871,Radiant Enterprises,West,Finance,Cold Call,Priya Nair,Prospecting,38900.0,2025-10-18,,False,
D00872,Quantum Industries,South,It Services,Cold Call,Kavya Reddy,Proposal,5500.0,2025-05-13,,False,
D00873,Titan Systems,North,It Services,Partner,Sneha Iyer,Qualification,19900.0,2026-05-27,,False,
D00874,Global Industries,South,Retail,Partner,Arjun Mehta,Prospecting,8300.0,2025-06-20,,False,
D00875,Pioneer Industries,East,Manufacturing,Partner,Kavya Reddy,Closed Won,28900.0,2025-03-27,2025-04-29,True,33.0
D00876,Global Technologies,South,Retail,Cold Call,Vikram Shah,Closed Won,10000.0,2025-11-01,2025-12-23,True,52.0
D00877,Summit Systems,Central,Retail,Partner,Rohit Verma,Negotiation,6000.0,2024-01-16,,False,
D00878,Kinetic Corp,Central,Manufacturing,Website,Arjun Mehta,Proposal,33000.0,2025-09-05,,False,
D00879,Falcon Industries,South,Healthcare,Trade Show,Vikram Shah,Prospecting,9500.0,2025-10-30,,False,
D00880,Jupiter Technologies,North,Healthcare,Social Media,Vikram Shah,Closed Lost,5400.0,2026-04-04,2026-05-13,False,39.0
D00881,Titan Group,Central,Finance,Trade Show,Ananya Rao,Qualification,39500.0,2024-05-18,,False,
D00882,Unity Industries,Central,It Services,Partner,Vikram Shah,Negotiation,20800.0,2025-04-19,,False,
D00883,Delta Corp,South,Education,Partner,Rohit Verma,Negotiation,7300.0,2025-08-20,,False,
D00884,Delta Industries,South,It Services,Website,Arjun Mehta,Qualification,25800.0,2025-04-29,,False,
D00885,Vertex Technologies,East,Retail,Referral,Kavya Reddy,Closed Lost,7400.0,2024-05-28,2024-07-25,False,58.0
D00886,Everest Solutions,North,Healthcare,Partner,Ananya Rao,Negotiation,12700.0,2024-07-20,,False,
D00887,Pioneer Systems,East,Retail,Social Media,Priya Nair,Qualification,3900.0,2026-04-25,,False,
D00888,Horizon Industries,West,Finance,Cold Call,Ananya Rao,Prospecting,38000.0,2025-04-06,,False,
D00889,Falcon Technologies,South,Manufacturing,Cold Call,Rohit Verma,Closed Won,23200.0,2025-03-23,2025-05-03,True,41.0
D00890,Alpha Corp,North,Finance,Partner,Arjun Mehta,Prospecting,34800.0,2024-01-23,,False,
D00891,Vertex Group,East,Education,Partner,Arjun Mehta,Closed Won,3100.0,2025-03-09,2025-04-06,True,28.0
D00892,Alpha Enterprises,East,It Services,Trade Show,Kavya Reddy,Closed Won,11600.0,2024-04-15,2024-05-20,True,35.0
D00893,Bright Corp,Central,Retail,Referral,Rohit Verma,Closed Lost,5600.0,2024-05-25,2024-07-02,False,38.0
D00894,Falcon Systems,Central,It Services,Trade Show,Vikram Shah,Closed Won,14900.0,2024-09-27,2024-12-04,True,68.0
D00895,Falcon Corp,South,Healthcare,Referral,Kavya Reddy,Closed Won,14100.0,2024-02-26,2024-03-17,True,20.0
D00896,Unity Technologies,Central,It Services,Partner,Kavya Reddy,Closed Won,20100.0,2026-03-20,2026-03-28,True,8.0
D00897,Zenith Enterprises,West,Finance,Cold Call,Karan Malhotra,Closed Lost,24400.0,2026-06-13,2026-06-30,False,17.0
D00898,Alpha Industries,South,Manufacturing,Social Media,Arjun Mehta,Negotiation,53400.0,2024-07-26,,False,
D00899,Titan Solutions,West,Finance,Cold Call,Priya Nair,Proposal,49600.0,2025-07-19,,False,
D00900,Jupiter Solutions,South,Manufacturing,Cold Call,Ananya Rao,Closed Won,18600.0,2024-07-05,2024-07-16,True,11.0
D00901,Bright Corp,West,Healthcare,Website,Arjun Mehta,Negotiation,32500.0,2026-04-28,,False,
D00902,Lumina Solutions,North,Retail,Social Media,Vikram Shah,Qualification,9800.0,2024-06-16,,False,
D00903,Alpha Group,East,Education,Partner,Karan Malhotra,Prospecting,10600.0,2024-10-25,,False,
D00904,Orbit Technologies,Central,Retail,Referral,Arjun Mehta,Closed Won,4400.0,2025-12-30,2026-01-13,True,14.0
D00905,Bright Industries,North,Finance,Referral,Sneha Iyer,Negotiation,26700.0,2024-02-06,,False,
D00906,Jupiter Industries,West,Healthcare,Website,Kavya Reddy,Prospecting,16800.0,2025-07-23,,False,
D00907,Ironclad Systems,North,Manufacturing,Social Media,Karan Malhotra,Closed Lost,37300.0,2025-09-14,2025-11-22,False,69.0
D00908,Falcon Enterprises,Central,Retail,Website,Priya Nair,Closed Lost,10900.0,2026-06-05,2026-06-30,False,25.0
D00909,Horizon Solutions,West,It Services,Partner,Kavya Reddy,Negotiation,11000.0,2024-12-14,,False,
D00910,Vertex Technologies,West,It Services,Social Media,Karan Malhotra,Prospecting,4800.0,2025-07-01,,False,
D00911,Radiant Industries,South,Manufacturing,Referral,Kavya Reddy,Prospecting,19400.0,2025-03-01,,False,
D00912,Jupiter Systems,West,It Services,Partner,Rohit Verma,Negotiation,16000.0,2026-03-17,,False,
D00913,Everest Systems,West,Retail,Partner,Ananya Rao,Qualification,11700.0,2024-11-12,,False,
D00914,Bright Enterprises,Central,Healthcare,Website,Ananya Rao,Qualification,31400.0,2026-01-22,,False,
D00915,Unity Enterprises,North,Retail,Referral,Karan Malhotra,Proposal,11700.0,2024-04-08,,False,
D00916,Ironclad Solutions,North,Healthcare,Trade Show,Karan Malhotra,Qualification,15400.0,2024-11-10,,False,
D00917,Jupiter Corp,West,Manufacturing,Referral,Priya Nair,Closed Lost,16700.0,2024-02-23,2024-03-22,False,28.0
D00918,Horizon Solutions,South,It Services,Website,Sneha Iyer,Qualification,19600.0,2024-12-15,,False,
D00919,Radiant Group,West,Manufacturing,Social Media,Sneha Iyer,Proposal,38500.0,2026-06-27,,False,
D00920,Radiant Solutions,West,Finance,Referral,Ananya Rao,Qualification,11800.0,2025-09-20,,False,
D00921,Jupiter Systems,North,Education,Cold Call,Kavya Reddy,Prospecting,11200.0,2024-12-19,,False,
D00922,Quantum Corp,North,Healthcare,Partner,Priya Nair,Closed Won,25900.0,2026-04-25,2026-05-13,True,18.0
D00923,Jupiter Industries,South,Education,Website,Priya Nair,Closed Lost,7500.0,2025-02-17,2025-03-02,False,13.0
D00924,Ironclad Enterprises,North,It Services,Partner,Priya Nair,Qualification,9600.0,2025-12-29,,False,
D00925,Bright Corp,South,Healthcare,Website,Karan Malhotra,Negotiation,22200.0,2026-03-09,,False,
D00926,Delta Group,North,Retail,Referral,Kavya Reddy,Prospecting,5800.0,2024-06-04,,False,
D00927,Radiant Technologies,Central,Retail,Cold Call,Sneha Iyer,Closed Lost,8000.0,2025-01-16,2025-02-05,False,20.0
D00928,Summit Technologies,South,Manufacturing,Social Media,Ananya Rao,Closed Won,24600.0,2024-08-26,2024-09-15,True,20.0
D00929,Delta Industries,East,It Services,Social Media,Ananya Rao,Negotiation,12000.0,2024-05-15,,False,
D00930,Unity Systems,Central,Healthcare,Trade Show,Priya Nair,Proposal,26700.0,2026-05-11,,False,
D00931,Falcon Systems,West,Healthcare,Trade Show,Karan Malhotra,Qualification,20200.0,2024-04-19,,False,
D00932,Meridian Enterprises,West,It Services,Trade Show,Priya Nair,Qualification,16500.0,2026-05-08,,False,
D00933,Jupiter Enterprises,North,Finance,Referral,Arjun Mehta,Proposal,15200.0,2024-03-13,,False,
D00934,Jupiter Corp,South,It Services,Partner,Vikram Shah,Closed Lost,20700.0,2024-03-28,2024-05-08,False,41.0
D00935,Meridian Corp,West,Retail,Website,Karan Malhotra,Proposal,6100.0,2026-01-06,,False,
D00936,Titan Corp,West,Healthcare,Partner,Rohit Verma,Closed Lost,23400.0,2026-02-01,2026-02-26,False,25.0
D00937,Summit Corp,North,Education,Cold Call,Ananya Rao,Proposal,7300.0,2025-04-08,,False,
D00938,Global Systems,North,Finance,Social Media,Kavya Reddy,Closed Won,35200.0,2025-06-10,2025-07-17,True,37.0
D00939,Titan Corp,North,Education,Trade Show,Priya Nair,Negotiation,2900.0,2024-08-17,,False,
D00940,Horizon Industries,South,Education,Trade Show,Ananya Rao,Prospecting,6700.0,2024-03-28,,False,
D00941,Alpha Corp,Central,It Services,Partner,Kavya Reddy,Closed Won,9800.0,2024-12-08,2025-01-24,True,47.0
D00942,Quantum Systems,North,Manufacturing,Cold Call,Vikram Shah,Negotiation,29900.0,2024-10-18,,False,
D00943,Everest Systems,North,Healthcare,Cold Call,Ananya Rao,Qualification,11400.0,2025-09-14,,False,
D00944,Everest Group,Central,It Services,Social Media,Rohit Verma,Proposal,24300.0,2024-09-27,,False,
D00945,Summit Technologies,Central,Retail,Partner,Rohit Verma,Closed Won,6000.0,2024-11-24,2024-12-16,True,22.0
D00946,Meridian Systems,North,Manufacturing,Cold Call,Ananya Rao,Negotiation,19200.0,2024-07-27,,False,
D00947,Delta Technologies,West,Healthcare,Website,Vikram Shah,Negotiation,17900.0,2025-09-13,,False,
D00948,Lumina Enterprises,West,Education,Referral,Arjun Mehta,Proposal,5000.0,2024-12-30,,False,
D00949,Crest Technologies,North,Education,Referral,Arjun Mehta,Proposal,7500.0,2025-02-08,,False,
D00950,Horizon Enterprises,North,Retail,Website,Priya Nair,Prospecting,10500.0,2024-12-17,,False,
D00951,Nexus Industries,South,Retail,Referral,Arjun Mehta,Qualification,8200.0,2024-10-05,,False,
D00952,Jupiter Group,Central,Healthcare,Referral,Vikram Shah,Closed Lost,23000.0,2024-12-11,2025-01-20,False,40.0
D00953,Unity Solutions,West,It Services,Social Media,Kavya Reddy,Proposal,14000.0,2025-12-27,,False,
D00954,Meridian Group,West,Manufacturing,Trade Show,Priya Nair,Closed Won,9800.0,2024-07-10,2024-08-19,True,40.0
D00955,Lumina Solutions,West,Retail,Website,Kavya Reddy,Closed Lost,11700.0,2024-10-23,2024-12-30,False,68.0
D00956,Nexus Technologies,North,Education,Trade Show,Sneha Iyer,Negotiation,6800.0,2024-07-28,,False,
D00957,Jupiter Enterprises,West,Manufacturing,Website,Vikram Shah,Negotiation,41200.0,2025-01-09,,False,
D00958,Lumina Technologies,East,Finance,Trade Show,Sneha Iyer,Prospecting,22600.0,2025-09-22,,False,
D00959,Meridian Enterprises,South,Finance,Trade Show,Kavya Reddy,Prospecting,48000.0,2026-01-20,,False,
D00960,Radiant Group,North,Education,Website,Ananya Rao,Proposal,5900.0,2025-03-10,,False,
D00961,Zenith Corp,South,Education,Social Media,Kavya Reddy,Qualification,7500.0,2025-04-10,,False,
D00962,Unity Systems,South,Healthcare,Cold Call,Ananya Rao,Closed Lost,19500.0,2026-02-15,2026-04-06,False,50.0
D00963,Titan Group,Central,Finance,Website,Karan Malhotra,Negotiation,28700.0,2024-06-11,,False,
D00964,Orbit Corp,Central,Education,Referral,Karan Malhotra,Qualification,1200.0,2024-08-12,,False,
D00965,Radiant Technologies,Central,It Services,Referral,Arjun Mehta,Qualification,15600.0,2025-01-24,,False,
D00966,Falcon Corp,North,Healthcare,Partner,Karan Malhotra,Negotiation,11700.0,2025-09-28,,False,
D00967,Meridian Technologies,Central,Healthcare,Referral,Priya Nair,Closed Won,13700.0,2024-01-13,2024-02-05,True,23.0
D00968,Delta Solutions,North,It Services,Trade Show,Sneha Iyer,Proposal,27400.0,2024-12-21,,False,
D00969,Radiant Corp,South,Healthcare,Cold Call,Ananya Rao,Closed Lost,27600.0,2025-02-12,2025-02-22,False,10.0
D00970,Summit Systems,East,It Services,Website,Sneha Iyer,Qualification,9300.0,2024-09-13,,False,
D00971,Everest Systems,North,Retail,Cold Call,Arjun Mehta,Prospecting,6900.0,2025-10-11,,False,
D00972,Zenith Enterprises,West,Manufacturing,Referral,Ananya Rao,Proposal,13200.0,2026-01-04,,False,
D00973,Global Group,Central,Retail,Website,Rohit Verma,Prospecting,8100.0,2026-05-17,,False,
D00974,Delta Industries,West,Finance,Website,Vikram Shah,Closed Lost,25500.0,2024-02-16,2024-03-15,False,28.0
D00975,Jupiter Industries,East,Retail,Partner,Kavya Reddy,Qualification,7100.0,2024-02-15,,False,
D00976,Nexus Systems,South,Retail,Referral,Karan Malhotra,Negotiation,10700.0,2026-01-30,,False,
D00977,Global Systems,East,Finance,Social Media,Arjun Mehta,Proposal,14800.0,2024-12-21,,False,
D00978,Jupiter Group,South,Education,Social Media,Priya Nair,Closed Won,4500.0,2025-05-30,2025-07-12,True,43.0
D00979,Alpha Corp,North,Healthcare,Cold Call,Arjun Mehta,Closed Lost,5700.0,2025-09-14,2025-10-25,False,41.0
D00980,Orbit Solutions,East,Manufacturing,Trade Show,Arjun Mehta,Prospecting,16000.0,2026-03-09,,False,
D00981,Quantum Corp,South,Manufacturing,Referral,Vikram Shah,Prospecting,40100.0,2024-11-20,,False,
D00982,Alpha Enterprises,North,Manufacturing,Partner,Priya Nair,Negotiation,21100.0,2025-07-30,,False,
D00983,Jupiter Solutions,North,Retail,Website,Ananya Rao,Closed Won,10000.0,2025-01-17,2025-02-27,True,41.0
D00984,Bright Industries,West,Healthcare,Partner,Vikram Shah,Qualification,16600.0,2025-10-04,,False,
D00985,Radiant Group,North,It Services,Trade Show,Rohit Verma,Proposal,8700.0,2025-02-23,,False,
D00986,Nexus Solutions,West,Retail,Referral,Sneha Iyer,Qualification,1900.0,2025-07-08,,False,
D00987,Alpha Industries,Central,Education,Social Media,Vikram Shah,Prospecting,6600.0,2024-09-03,,False,
D00988,Summit Group,North,It Services,Partner,Kavya Reddy,Qualification,19900.0,2025-12-26,,False,
D00989,Unity Enterprises,North,Healthcare,Partner,Priya Nair,Qualification,26800.0,2025-06-26,,False,
D00990,Crest Industries,North,Finance,Cold Call,Arjun Mehta,Closed Lost,16100.0,2025-07-11,2025-08-20,False,40.0
D00991,Nexus Industries,East,Healthcare,Cold Call,Sneha Iyer,Proposal,11100.0,2025-04-30,,False,
D00992,Delta Group,South,It Services,Website,Rohit Verma,Qualification,18200.0,2025-10-27,,False,
D00993,Kinetic Enterprises,Central,Finance,Website,Sneha Iyer,Qualification,33800.0,2025-02-24,,False,
D00994,Quantum Systems,East,Education,Referral,Sneha Iyer,Negotiation,4500.0,2025-09-09,,False,
D00995,Ironclad Group,West,Finance,Cold Call,Kavya Reddy,Proposal,15000.0,2025-04-16,,False,
D00996,Pioneer Group,South,Healthcare,Website,Arjun Mehta,Closed Won,13700.0,2026-04-29,2026-06-01,True,33.0
D00997,Summit Industries,West,Finance,Cold Call,Karan Malhotra,Prospecting,9900.0,2026-06-14,,False,
D00998,Quantum Systems,East,Retail,Website,Vikram Shah,Prospecting,7700.0,2024-05-02,,False,
D00999,Zenith Industries,West,Healthcare,Trade Show,Priya Nair,Proposal,9500.0,2026-02-04,,False,
D01000,Unity Group,West,Finance,Trade Show,Ananya Rao,Prospecting,65100.0,2025-10-18,,False,
D01001,Unity Technologies,West,Manufacturing,Partner,Rohit Verma,Qualification,15100.0,2024-03-07,,False,
D01002,Orbit Solutions,North,It Services,Cold Call,Vikram Shah,Negotiation,7600.0,2024-02-20,,False,
D01003,Crest Group,South,Healthcare,Trade Show,Ananya Rao,Qualification,24900.0,2024-10-17,,False,
D01004,Pioneer Group,South,Healthcare,Website,Arjun Mehta,Closed Won,19200.0,2026-03-15,2026-04-26,True,42.0
D01005,Unity Solutions,West,Finance,Partner,Priya Nair,Negotiation,10200.0,2025-04-15,,False,
D01006,Titan Enterprises,Central,It Services,Cold Call,Ananya Rao,Proposal,12300.0,2025-08-22,,False,
D01007,Nexus Technologies,North,Education,Social Media,Ananya Rao,Qualification,2600.0,2025-05-16,,False,
D01008,Falcon Systems,North,Retail,Partner,Sneha Iyer,Closed Won,8100.0,2025-05-11,2025-05-24,True,13.0
D01009,Meridian Group,West,Manufacturing,Referral,Ananya Rao,Negotiation,35900.0,2025-07-11,,False,
D01010,Zenith Enterprises,South,Retail,Trade Show,Priya Nair,Qualification,13300.0,2025-11-29,,False,
D01011,Zenith Corp,West,Education,Partner,Sneha Iyer,Closed Lost,3900.0,2024-09-04,2024-09-25,False,21.0
D01012,Horizon Systems,Central,Retail,Trade Show,Sneha Iyer,Prospecting,5800.0,2024-11-04,,False,
D01013,Titan Enterprises,South,Retail,Website,Karan Malhotra,Closed Won,8300.0,2024-05-11,2024-07-07,True,57.0
D01014,Titan Solutions,South,Manufacturing,Social Media,Kavya Reddy,Prospecting,32500.0,2025-11-15,,False,
D01015,Pioneer Solutions,South,Retail,Referral,Priya Nair,Qualification,5800.0,2025-10-04,,False,
D01016,Orbit Corp,South,Finance,Cold Call,Ananya Rao,Closed Won,41400.0,2026-04-25,2026-05-15,True,20.0
D01017,Ironclad Industries,Central,It Services,Referral,Sneha Iyer,Proposal,15800.0,2024-07-21,,False,
D01018,Titan Group,North,Education,Trade Show,Arjun Mehta,Closed Lost,6400.0,2025-05-04,2025-06-13,False,40.0
D01019,Alpha Group,North,Finance,Partner,Ananya Rao,Negotiation,18900.0,2025-03-15,,False,
D01020,Global Industries,South,Education,Cold Call,Sneha Iyer,Qualification,4100.0,2024-06-21,,False,
D01021,Titan Technologies,West,Education,Referral,Priya Nair,Closed Lost,9500.0,2024-01-11,2024-01-23,False,12.0
D01022,Kinetic Group,West,Healthcare,Trade Show,Sneha Iyer,Prospecting,24300.0,2025-08-14,,False,
D01023,Meridian Solutions,East,Retail,Trade Show,Ananya Rao,Closed Won,5300.0,2025-03-11,2025-06-04,True,85.0
D01024,Zenith Enterprises,North,It Services,Social Media,Ananya Rao,Proposal,18200.0,2025-09-28,,False,
D01025,Everest Systems,East,Manufacturing,Website,Vikram Shah,Closed Lost,15000.0,2026-04-29,2026-06-15,False,47.0
D01026,Pioneer Systems,South,Finance,Website,Kavya Reddy,Qualification,36200.0,2026-06-03,,False,
D01027,Pioneer Technologies,North,Education,Social Media,Priya Nair,Closed Lost,9000.0,2026-04-27,2026-06-17,False,51.0
D01028,Meridian Enterprises,North,Finance,Cold Call,Ananya Rao,Qualification,33000.0,2025-06-24,,False,
D01029,Radiant Solutions,South,It Services,Website,Ananya Rao,Proposal,12300.0,2024-02-02,,False,
D01030,Zenith Systems,East,Finance,Social Media,Priya Nair,Closed Won,26700.0,2024-01-29,2024-06-14,True,137.0
D01031,Meridian Industries,Central,Healthcare,Social Media,Vikram Shah,Prospecting,6200.0,2025-08-28,,False,
D01032,Bright Solutions,West,Retail,Website,Rohit Verma,Closed Won,9900.0,2024-11-12,2024-12-12,True,30.0
D01033,Global Systems,Central,Finance,Partner,Ananya Rao,Qualification,38700.0,2025-04-09,,False,
D01034,Pioneer Enterprises,East,Finance,Referral,Vikram Shah,Closed Won,16200.0,2025-12-28,2026-01-16,True,19.0
D01035,Alpha Enterprises,South,It Services,Referral,Vikram Shah,Closed Won,9200.0,2024-07-25,2024-08-22,True,28.0
D01036,Orbit Group,East,Healthcare,Trade Show,Priya Nair,Prospecting,19300.0,2024-09-17,,False,
D01037,Jupiter Technologies,West,Education,Website,Sneha Iyer,Qualification,5300.0,2024-11-26,,False,
D01038,Alpha Industries,East,It Services,Cold Call,Kavya Reddy,Prospecting,22200.0,2026-06-07,,False,
D01039,Everest Corp,West,Finance,Website,Sneha Iyer,Qualification,28400.0,2025-12-20,,False,
D01040,Vertex Technologies,West,It Services,Cold Call,Kavya Reddy,Negotiation,12900.0,2025-08-25,,False,
D01041,Pioneer Systems,West,Education,Social Media,Vikram Shah,Prospecting,6000.0,2024-01-09,,False,
D01042,Meridian Group,South,Manufacturing,Partner,Sneha Iyer,Prospecting,32500.0,2024-06-13,,False,
D01043,Zenith Group,Central,Manufacturing,Social Media,Karan Malhotra,Prospecting,25900.0,2024-10-22,,False,
D01044,Falcon Enterprises,North,Manufacturing,Referral,Karan Malhotra,Closed Lost,50400.0,2025-12-21,2026-03-26,False,95.0
D01045,Pioneer Technologies,East,It Services,Social Media,Karan Malhotra,Proposal,18100.0,2025-04-13,,False,
D01046,Bright Solutions,South,Retail,Trade Show,Rohit Verma,Closed Lost,4900.0,2025-09-23,2025-10-17,False,24.0
D01047,Vertex Industries,North,Manufacturing,Partner,Arjun Mehta,Closed Won,29600.0,2025-10-10,2025-12-01,True,52.0
D01048,Global Industries,East,It Services,Partner,Ananya Rao,Negotiation,7600.0,2025-03-31,,False,
D01049,Zenith Corp,East,Retail,Partner,Kavya Reddy,Qualification,11700.0,2025-03-09,,False,
D01050,Everest Systems,South,Healthcare,Referral,Priya Nair,Qualification,17300.0,2026-03-07,,False,
D01051,Delta Industries,South,Manufacturing,Social Media,Karan Malhotra,Proposal,11200.0,2025-11-05,,False,
D01052,Unity Industries,East,Education,Social Media,Sneha Iyer,Proposal,8200.0,2025-06-02,,False,
D01053,Crest Group,West,Retail,Trade Show,Vikram Shah,Proposal,5500.0,2026-06-09,,False,
D01054,Everest Systems,South,Finance,Trade Show,Sneha Iyer,Closed Won,38700.0,2024-05-23,2024-06-14,True,22.0
D01055,Alpha Industries,North,Healthcare,Trade Show,Vikram Shah,Closed Won,18700.0,2024-02-13,2024-04-05,True,52.0
D01056,Radiant Industries,Central,Healthcare,Cold Call,Kavya Reddy,Negotiation,6700.0,2026-06-10,,False,
D01057,Lumina Group,South,Education,Partner,Priya Nair,Proposal,5400.0,2026-01-07,,False,
D01058,Falcon Enterprises,West,Manufacturing,Trade Show,Arjun Mehta,Prospecting,12000.0,2026-04-15,,False,
D01059,Quantum Corp,East,Finance,Social Media,Arjun Mehta,Negotiation,32300.0,2025-12-03,,False,
D01060,Radiant Systems,Central,Healthcare,Social Media,Karan Malhotra,Closed Won,8800.0,2024-09-06,2024-11-16,True,71.0
D01061,Pioneer Systems,East,Finance,Referral,Vikram Shah,Qualification,38900.0,2024-02-29,,False,
D01062,Pioneer Solutions,East,Healthcare,Referral,Kavya Reddy,Negotiation,14000.0,2026-04-24,,False,
D01063,Crest Industries,South,Healthcare,Website,Karan Malhotra,Qualification,10100.0,2025-09-30,,False,
D01064,Kinetic Solutions,North,It Services,Social Media,Arjun Mehta,Closed Won,13200.0,2025-12-06,2026-01-14,True,39.0
D01065,Pioneer Systems,East,Finance,Social Media,Priya Nair,Proposal,10700.0,2024-01-17,,False,
D01066,Crest Technologies,North,Retail,Cold Call,Kavya Reddy,Negotiation,5000.0,2026-05-29,,False,
D01067,Lumina Systems,West,Finance,Social Media,Ananya Rao,Proposal,9200.0,2024-06-21,,False,
D01068,Pioneer Industries,Central,It Services,Website,Priya Nair,Qualification,5400.0,2025-08-31,,False,
D01069,Orbit Industries,East,Education,Cold Call,Priya Nair,Proposal,8300.0,2025-05-17,,False,
D01070,Falcon Industries,Central,Healthcare,Partner,Rohit Verma,Negotiation,29500.0,2025-12-13,,False,
D01071,Orbit Corp,Central,Finance,Trade Show,Karan Malhotra,Closed Won,36000.0,2026-04-18,2026-05-14,True,26.0
D01072,Orbit Systems,Central,Finance,Partner,Arjun Mehta,Prospecting,53500.0,2025-11-03,,False,
D01073,Nexus Solutions,West,Finance,Social Media,Rohit Verma,Prospecting,40100.0,2025-03-08,,False,
D01074,Orbit Systems,South,It Services,Cold Call,Kavya Reddy,Negotiation,27200.0,2024-11-06,,False,
D01075,Delta Enterprises,West,Finance,Trade Show,Kavya Reddy,Closed Lost,40700.0,2026-05-09,2026-06-27,False,49.0
D01076,Ironclad Enterprises,East,Finance,Website,Ananya Rao,Closed Lost,35100.0,2024-07-29,2024-08-17,False,19.0
D01077,Jupiter Enterprises,East,Healthcare,Trade Show,Karan Malhotra,Closed Won,22600.0,2024-10-23,2024-11-13,True,21.0
D01078,Radiant Industries,Central,It Services,Cold Call,Vikram Shah,Closed Won,7300.0,2024-07-09,2024-09-17,True,70.0
D01079,Titan Industries,East,It Services,Website,Vikram Shah,Qualification,20800.0,2024-07-12,,False,
D01080,Bright Industries,West,It Services,Partner,Vikram Shah,Closed Lost,20500.0,2024-08-08,2024-10-21,False,74.0
D01081,Lumina Enterprises,South,Education,Social Media,Vikram Shah,Qualification,7100.0,2026-01-09,,False,
D01082,Ironclad Technologies,East,It Services,Referral,Sneha Iyer,Proposal,10200.0,2024-08-21,,False,
D01083,Jupiter Industries,East,It Services,Referral,Priya Nair,Qualification,19100.0,2026-05-01,,False,
D01084,Quantum Industries,South,Healthcare,Trade Show,Kavya Reddy,Closed Won,21800.0,2024-08-08,2024-09-28,True,51.0
D01085,Summit Industries,North,It Services,Cold Call,Arjun Mehta,Closed Lost,18700.0,2024-07-10,2024-09-10,False,62.0
D01086,Global Systems,West,Finance,Website,Arjun Mehta,Closed Lost,37500.0,2025-07-22,2025-09-28,False,68.0
D01087,Ironclad Solutions,East,Finance,Partner,Karan Malhotra,Qualification,5100.0,2024-11-19,,False,
D01088,Bright Enterprises,South,Healthcare,Referral,Ananya Rao,Qualification,16300.0,2024-05-24,,False,
D01089,Quantum Technologies,South,Finance,Website,Kavya Reddy,Closed Won,12900.0,2024-11-14,2025-01-10,True,57.0
D01090,Meridian Technologies,South,It Services,Social Media,Arjun Mehta,Closed Won,20700.0,2024-09-21,2024-10-27,True,36.0
D01091,Titan Solutions,South,Healthcare,Partner,Priya Nair,Negotiation,16200.0,2026-02-04,,False,
D01092,Horizon Group,South,Manufacturing,Trade Show,Arjun Mehta,Qualification,11600.0,2026-04-12,,False,
D01093,Pioneer Corp,South,Finance,Referral,Arjun Mehta,Closed Lost,36100.0,2026-04-15,2026-05-23,False,38.0
D01094,Ironclad Technologies,West,Healthcare,Referral,Kavya Reddy,Prospecting,20500.0,2025-03-02,,False,
D01095,Ironclad Technologies,Central,Finance,Cold Call,Kavya Reddy,Qualification,44300.0,2024-04-21,,False,
D01096,Delta Group,Central,Healthcare,Referral,Ananya Rao,Qualification,37300.0,2026-03-03,,False,
D01097,Ironclad Enterprises,Central,Healthcare,Trade Show,Sneha Iyer,Closed Lost,5000.0,2025-04-30,2025-07-02,False,63.0
D01098,Orbit Industries,North,Finance,Referral,Arjun Mehta,Closed Won,39200.0,2025-09-28,2025-11-15,True,48.0
D01099,Bright Technologies,East,It Services,Cold Call,Vikram Shah,Prospecting,8100.0,2024-05-11,,False,
D01100,Quantum Industries,East,Finance,Cold Call,Vikram Shah,Proposal,29450.0,2025-08-04,,False,
D01101,Horizon Industries,West,Retail,Social Media,Ananya Rao,Proposal,11900.0,2024-10-08,,False,
D01102,Unity Solutions,North,Retail,Cold Call,Priya Nair,Prospecting,5500.0,2025-07-16,,False,
D01103,Falcon Industries,Central,Manufacturing,Trade Show,Vikram Shah,Qualification,20400.0,2025-08-05,,False,
D01104,Horizon Enterprises,South,Retail,Social Media,Karan Malhotra,Qualification,10000.0,2024-11-01,,False,
D01105,Everest Enterprises,East,Healthcare,Website,Vikram Shah,Negotiation,5900.0,2026-02-17,,False,
D01106,Global Solutions,North,Retail,Website,Vikram Shah,Negotiation,5500.0,2024-07-20,,False,
D01107,Vertex Solutions,South,It Services,Partner,Vikram Shah,Negotiation,23200.0,2024-10-08,,False,
D01108,Jupiter Group,North,Manufacturing,Cold Call,Ananya Rao,Qualification,27400.0,2026-02-13,,False,
D01109,Unity Group,Central,Retail,Partner,Sneha Iyer,Prospecting,4800.0,2025-01-24,,False,
D01110,Radiant Solutions,South,Healthcare,Website,Vikram Shah,Prospecting,5400.0,2024-03-09,,False,
D01111,Crest Technologies,Central,Finance,Cold Call,Kavya Reddy,Proposal,18900.0,2025-12-09,,False,
D01112,Unity Corp,South,Retail,Website,Karan Malhotra,Closed Won,10100.0,2026-06-10,2026-06-30,True,20.0
D01113,Jupiter Systems,West,It Services,Cold Call,Kavya Reddy,Proposal,12200.0,2024-06-07,,False,
D01114,Jupiter Enterprises,South,Education,Cold Call,Kavya Reddy,Negotiation,11900.0,2024-08-20,,False,
D01115,Meridian Industries,South,Healthcare,Website,Ananya Rao,Negotiation,14100.0,2026-04-20,,False,
D01116,Lumina Enterprises,South,Healthcare,Cold Call,Sneha Iyer,Closed Won,21600.0,2025-10-08,2025-11-03,True,26.0
D01117,Crest Enterprises,Central,Finance,Trade Show,Rohit Verma,Closed Won,27300.0,2025-07-15,2025-08-24,True,40.0
D01118,Vertex Systems,South,Retail,Social Media,Karan Malhotra,Prospecting,8200.0,2026-03-19,,False,
D01119,Summit Systems,West,Education,Social Media,Priya Nair,Prospecting,7200.0,2024-01-05,,False,
D01120,Zenith Group,Central,Manufacturing,Referral,Priya Nair,Qualification,37600.0,2025-01-13,,False,
D01121,Global Industries,South,It Services,Cold Call,Rohit Verma,Prospecting,15200.0,2024-11-06,,False,
D01122,Horizon Systems,Central,It Services,Partner,Rohit Verma,Closed Won,8800.0,2024-12-31,2025-02-27,True,58.0
D01123,Kinetic Technologies,East,Retail,Referral,Sneha Iyer,Closed Won,9700.0,2024-06-18,2024-07-23,True,35.0
D01124,Ironclad Enterprises,West,Education,Cold Call,Priya Nair,Closed Won,11200.0,2024-04-25,2024-06-02,True,38.0
D01125,Delta Solutions,West,Education,Partner,Sneha Iyer,Closed Won,6600.0,2026-01-30,2026-02-04,True,5.0
D01126,Orbit Solutions,East,Retail,Partner,Rohit Verma,Negotiation,8300.0,2026-04-28,,False,
D01127,Crest Systems,South,Manufacturing,Cold Call,Priya Nair,Proposal,30200.0,2024-04-08,,False,
D01128,Vertex Technologies,West,Retail,Social Media,Kavya Reddy,Negotiation,500.0,2024-02-14,,False,
D01129,Global Enterprises,North,It Services,Cold Call,Arjun Mehta,Qualification,20500.0,2025-08-26,,False,
D01130,Vertex Solutions,East,Finance,Partner,Sneha Iyer,Negotiation,38200.0,2026-02-01,,False,
D01131,Falcon Systems,South,Education,Partner,Rohit Verma,Negotiation,4300.0,2025-01-09,,False,
D01132,Orbit Group,North,It Services,Cold Call,Rohit Verma,Proposal,14300.0,2025-05-06,,False,
D01133,Orbit Corp,Central,It Services,Social Media,Rohit Verma,Closed Won,12000.0,2025-12-27,2026-01-17,True,21.0
D01134,Unity Industries,North,Finance,Social Media,Priya Nair,Closed Won,17200.0,2025-09-26,2025-12-01,True,66.0
D01135,Unity Enterprises,East,It Services,Social Media,Priya Nair,Closed Lost,5400.0,2024-02-01,2024-03-04,False,32.0
D01136,Alpha Corp,South,Finance,Trade Show,Arjun Mehta,Proposal,29450.0,2025-09-08,,False,
D01137,Orbit Industries,East,Finance,Website,Karan Malhotra,Prospecting,18700.0,2025-12-19,,False,
D01138,Horizon Industries,North,Finance,Partner,Kavya Reddy,Proposal,56200.0,2026-04-05,,False,
D01139,Alpha Technologies,East,Healthcare,Social Media,Kavya Reddy,Qualification,21700.0,2024-09-01,,False,
D01140,Vertex Industries,West,Finance,Cold Call,Sneha Iyer,Prospecting,23700.0,2024-01-18,,False,
D01141,Orbit Technologies,Central,It Services,Website,Karan Malhotra,Prospecting,17600.0,2025-06-24,,False,
D01142,Lumina Technologies,Central,Finance,Website,Arjun Mehta,Prospecting,26200.0,2025-06-08,,False,
D01143,Unity Industries,North,It Services,Referral,Rohit Verma,Closed Lost,11900.0,2025-02-27,2025-04-14,False,46.0
D01144,Falcon Enterprises,South,Education,Partner,Priya Nair,Qualification,3800.0,2024-11-02,,False,
D01145,Radiant Group,Central,Retail,Partner,Priya Nair,Negotiation,11200.0,2026-02-23,,False,
D01146,Crest Technologies,Central,Retail,Partner,Vikram Shah,Prospecting,11600.0,2024-03-09,,False,
D01147,Delta Enterprises,South,Manufacturing,Website,Priya Nair,Closed Won,11000.0,2025-06-10,2025-06-16,True,6.0
D01148,Ironclad Enterprises,Central,Healthcare,Website,Priya Nair,Negotiation,3900.0,2024-05-28,,False,
D01149,Alpha Technologies,Central,It Services,Referral,Rohit Verma,Qualification,17800.0,2024-11-12,,False,
D01150,Titan Systems,East,It Services,Social Media,Karan Malhotra,Prospecting,6700.0,2025-12-09,,False,
D01151,Orbit Corp,East,Education,Website,Sneha Iyer,Closed Lost,6000.0,2025-03-03,2025-03-15,False,12.0
D01152,Titan Systems,East,Finance,Website,Sneha Iyer,Negotiation,31900.0,2024-08-21,,False,
D01153,Unity Solutions,West,Healthcare,Cold Call,Kavya Reddy,Negotiation,3700.0,2024-06-29,,False,
D01154,Bright Corp,North,Education,Social Media,Rohit Verma,Qualification,5700.0,2024-09-11,,False,
D01155,Radiant Group,North,It Services,Trade Show,Vikram Shah,Closed Lost,7800.0,2025-12-07,2025-12-29,False,22.0
D01156,Orbit Systems,South,Retail,Website,Sneha Iyer,Closed Lost,3200.0,2024-05-10,2024-06-14,False,35.0
D01157,Everest Industries,East,Finance,Cold Call,Priya Nair,Closed Won,29900.0,2024-09-15,2024-10-24,True,39.0
D01158,Zenith Corp,North,Healthcare,Referral,Sneha Iyer,Proposal,16800.0,2025-06-04,,False,
D01159,Titan Industries,East,Retail,Website,Vikram Shah,Negotiation,4200.0,2024-11-15,,False,
D01160,Summit Corp,Central,Retail,Referral,Vikram Shah,Qualification,8000.0,2024-02-16,,False,
D01161,Kinetic Technologies,Central,Finance,Website,Rohit Verma,Prospecting,29400.0,2025-02-13,,False,
D01162,Horizon Group,North,It Services,Referral,Kavya Reddy,Closed Lost,17600.0,2025-03-16,2025-05-26,False,71.0
D01163,Meridian Corp,Central,Retail,Social Media,Karan Malhotra,Negotiation,8800.0,2024-09-02,,False,
D01164,Meridian Enterprises,East,Manufacturing,Cold Call,Karan Malhotra,Proposal,38400.0,2026-04-30,,False,
D01165,Everest Systems,North,Retail,Referral,Karan Malhotra,Qualification,2600.0,2024-05-11,,False,
D01166,Nexus Solutions,East,Manufacturing,Trade Show,Rohit Verma,Qualification,41200.0,2024-05-28,,False,
D01167,Jupiter Enterprises,West,It Services,Referral,Karan Malhotra,Proposal,17800.0,2024-06-10,,False,
D01168,Crest Corp,West,Healthcare,Social Media,Vikram Shah,Prospecting,17900.0,2024-10-01,,False,
D01169,Jupiter Systems,South,Education,Cold Call,Rohit Verma,Qualification,2400.0,2025-06-24,,False,
D01170,Summit Enterprises,South,Healthcare,Trade Show,Ananya Rao,Qualification,17900.0,2024-05-14,,False,
D01171,Orbit Industries,Central,Healthcare,Cold Call,Karan Malhotra,Prospecting,24700.0,2025-08-21,,False,
D01172,Jupiter Industries,Central,Manufacturing,Website,Rohit Verma,Negotiation,7300.0,2024-09-16,,False,
D01173,Crest Systems,West,Manufacturing,Social Media,Ananya Rao,Prospecting,17100.0,2026-06-26,,False,
D01174,Falcon Industries,North,Manufacturing,Social Media,Karan Malhotra,Proposal,49600.0,2026-01-08,,False,
D01175,Orbit Corp,Central,Finance,Cold Call,Karan Malhotra,Qualification,31800.0,2025-04-25,,False,
D01176,Jupiter Group,South,Manufacturing,Partner,Priya Nair,Proposal,22100.0,2026-01-07,,False,
D01177,Quantum Enterprises,West,Finance,Website,Rohit Verma,Prospecting,42700.0,2025-06-28,,False,
D01178,Kinetic Enterprises,North,Retail,Trade Show,Karan Malhotra,Closed Won,9200.0,2024-10-12,2024-12-18,True,67.0
D01179,Kinetic Enterprises,North,Education,Trade Show,Vikram Shah,Proposal,5000.0,2025-03-31,,False,
D01180,Bright Enterprises,East,Education,Social Media,Kavya Reddy,Qualification,8400.0,2025-12-25,,False,
D01181,Everest Corp,North,Healthcare,Referral,Rohit Verma,Closed Won,22200.0,2024-11-03,2025-05-25,True,203.0
D01182,Titan Solutions,North,Education,Social Media,Sneha Iyer,Closed Won,4300.0,2024-02-23,2024-04-16,True,53.0
D01183,Global Group,North,Retail,Partner,Kavya Reddy,Prospecting,8500.0,2025-11-07,,False,
D01184,Nexus Corp,Central,Manufacturing,Partner,Ananya Rao,Prospecting,16000.0,2025-07-19,,False,
D01185,Orbit Systems,Central,Finance,Partner,Priya Nair,Qualification,25100.0,2024-02-21,,False,
D01186,Pioneer Industries,Central,Healthcare,Referral,Sneha Iyer,Prospecting,34800.0,2025-09-20,,False,
D01187,Summit Technologies,South,It Services,Referral,Ananya Rao,Proposal,16000.0,2024-09-12,,False,
D01188,Titan Corp,South,Education,Social Media,Karan Malhotra,Qualification,6300.0,2024-08-19,,False,
D01189,Lumina Industries,Central,Healthcare,Social Media,Arjun Mehta,Prospecting,7100.0,2024-02-03,,False,
D01190,Pioneer Systems,East,Finance,Social Media,Arjun Mehta,Closed Won,43000.0,2025-06-28,2025-07-08,True,10.0
D01191,Alpha Enterprises,East,Finance,Partner,Arjun Mehta,Prospecting,18000.0,2024-02-23,,False,
D01192,Horizon Corp,South,Finance,Partner,Sneha Iyer,Prospecting,8900.0,2024-01-27,,False,
D01193,Bright Technologies,West,Finance,Referral,Rohit Verma,Prospecting,32800.0,2024-09-01,,False,
D01194,Meridian Systems,South,Finance,Website,Arjun Mehta,Closed Lost,31500.0,2026-02-24,2026-04-08,False,43.0
D01195,Horizon Corp,North,Education,Cold Call,Vikram Shah,Negotiation,6000.0,2025-06-14,,False,
D01196,Radiant Group,West,Finance,Partner,Kavya Reddy,Closed Won,36300.0,2026-06-04,2026-06-30,True,26.0
D01197,Kinetic Group,South,Finance,Cold Call,Vikram Shah,Prospecting,34900.0,2025-05-25,,False,
D01198,Pioneer Technologies,North,Retail,Social Media,Kavya Reddy,Proposal,6600.0,2025-09-12,,False,
D01199,Lumina Systems,West,Education,Referral,Priya Nair,Closed Won,8700.0,2025-01-10,2025-01-29,True,19.0
D01200,Unity Systems,North,Education,Website,Kavya Reddy,Prospecting,3800.0,2026-06-02,,False,
D01201,Horizon Technologies,East,Healthcare,Social Media,Arjun Mehta,Closed Won,20100.0,2025-09-29,2025-10-28,True,29.0
D01202,Lumina Industries,South,Education,Website,Ananya Rao,Qualification,6100.0,2024-09-14,,False,
D01203,Pioneer Industries,North,Healthcare,Partner,Ananya Rao,Negotiation,20200.0,2024-01-13,,False,
D01204,Lumina Enterprises,North,Education,Trade Show,Priya Nair,Negotiation,3300.0,2024-03-27,,False,
D01205,Lumina Systems,West,Finance,Website,Vikram Shah,Closed Won,27300.0,2026-05-17,2026-06-22,True,36.0
D01206,Horizon Enterprises,East,Education,Social Media,Kavya Reddy,Proposal,6800.0,2024-08-15,,False,
D01207,Bright Systems,North,Education,Partner,Kavya Reddy,Closed Lost,7100.0,2024-12-16,2025-02-06,False,52.0
D01208,Vertex Technologies,Central,Manufacturing,Referral,Kavya Reddy,Negotiation,28200.0,2024-08-13,,False,
D01209,Quantum Enterprises,North,Healthcare,Referral,Sneha Iyer,Proposal,8300.0,2025-06-10,,False,
D01210,Alpha Corp,North,It Services,Partner,Kavya Reddy,Prospecting,15800.0,2024-05-29,,False,
D01211,Vertex Enterprises,North,It Services,Trade Show,Rohit Verma,Proposal,6800.0,2026-05-10,,False,
D01212,Nexus Group,South,Healthcare,Trade Show,Rohit Verma,Closed Won,7100.0,2026-05-24,2026-06-30,True,37.0
D01213,Unity Enterprises,West,It Services,Trade Show,Sneha Iyer,Negotiation,18200.0,2025-11-21,,False,
D01214,Orbit Technologies,West,Manufacturing,Partner,Vikram Shah,Proposal,20200.0,2026-02-23,,False,
D01215,Everest Systems,North,Retail,Trade Show,Ananya Rao,Negotiation,13400.0,2025-06-29,,False,
D01216,Alpha Enterprises,North,Retail,Cold Call,Ananya Rao,Qualification,8500.0,2024-06-09,,False,
D01217,Zenith Technologies,South,Healthcare,Cold Call,Priya Nair,Closed Won,19300.0,2025-06-01,2025-07-05,True,34.0
D01218,Vertex Group,Central,Manufacturing,Trade Show,Vikram Shah,Proposal,5700.0,2024-02-26,,False,
D01219,Vertex Industries,South,Finance,Referral,Karan Malhotra,Prospecting,41300.0,2026-02-15,,False,
D01220,Pioneer Technologies,Central,Education,Referral,Vikram Shah,Prospecting,9400.0,2026-04-12,,False,
D01221,Delta Solutions,South,Finance,Social Media,Rohit Verma,Prospecting,46000.0,2024-09-21,,False,
D01222,Falcon Systems,North,Finance,Referral,Karan Malhotra,Prospecting,30800.0,2025-11-25,,False,
D01223,Pioneer Systems,East,Finance,Trade Show,Karan Malhotra,Qualification,23400.0,2025-07-27,,False,
D01224,Everest Group,North,Manufacturing,Website,Priya Nair,Prospecting,33000.0,2025-09-11,,False,
D01225,Meridian Systems,South,It Services,Website,Ananya Rao,Negotiation,19700.0,2026-05-03,,False,
D01226,Everest Technologies,Central,Retail,Partner,Arjun Mehta,Closed Won,9800.0,2024-08-14,2024-10-11,True,58.0
D01227,Horizon Systems,Central,Education,Referral,Karan Malhotra,Prospecting,2800.0,2025-10-01,,False,
D01228,Crest Systems,West,Manufacturing,Social Media,Rohit Verma,Closed Won,22500.0,2025-04-13,2025-05-12,True,29.0
D01229,Falcon Enterprises,South,Retail,Partner,Ananya Rao,Qualification,2400.0,2026-03-20,,False,
D01230,Lumina Group,East,Retail,Cold Call,Karan Malhotra,Proposal,7800.0,2025-03-09,,False,
D01231,Quantum Systems,South,Finance,Social Media,Arjun Mehta,Negotiation,27200.0,2025-10-09,,False,
D01232,Delta Enterprises,South,It Services,Website,Ananya Rao,Closed Won,21600.0,2024-07-23,2024-09-26,True,65.0
D01233,Radiant Technologies,South,Manufacturing,Partner,Priya Nair,Closed Won,48800.0,2025-10-11,2025-12-26,True,76.0
D01234,Bright Solutions,East,Education,Website,Sneha Iyer,Qualification,8000.0,2025-01-04,,False,
D01235,Delta Enterprises,South,Manufacturing,Trade Show,Ananya Rao,Qualification,35700.0,2026-05-30,,False,
D01236,Ironclad Corp,North,It Services,Partner,Vikram Shah,Negotiation,7200.0,2025-07-12,,False,
D01237,Horizon Industries,South,Retail,Cold Call,Priya Nair,Closed Lost,5900.0,2025-02-05,2025-02-23,False,18.0
D01238,Quantum Enterprises,Central,It Services,Social Media,Priya Nair,Qualification,21100.0,2024-12-30,,False,
D01239,Ironclad Corp,East,Retail,Website,Kavya Reddy,Closed Won,9700.0,2026-06-29,2026-06-30,True,1.0
D01240,Orbit Technologies,Central,Retail,Partner,Ananya Rao,Closed Won,9400.0,2025-10-10,2025-10-30,True,20.0
D01241,Orbit Systems,East,Education,Website,Vikram Shah,Closed Won,500.0,2025-10-28,2025-12-17,True,50.0
D01242,Everest Solutions,East,Healthcare,Trade Show,Arjun Mehta,Proposal,20300.0,2025-09-13,,False,
D01243,Crest Technologies,Central,It Services,Social Media,Vikram Shah,Closed Won,20300.0,2025-05-03,2025-05-14,True,11.0
D01244,Kinetic Technologies,West,Education,Cold Call,Priya Nair,Qualification,500.0,2025-06-28,,False,
D01245,Pioneer Group,East,It Services,Trade Show,Kavya Reddy,Closed Won,10400.0,2025-12-31,2026-03-14,True,73.0
D01246,Pioneer Solutions,West,Healthcare,Partner,Rohit Verma,Negotiation,27900.0,2024-05-13,,False,
D01247,Unity Corp,West,Finance,Social Media,Sneha Iyer,Closed Won,30500.0,2024-01-13,2024-01-31,True,18.0
D01248,Summit Solutions,West,It Services,Partner,Kavya Reddy,Prospecting,11000.0,2024-12-12,,False,
D01249,Jupiter Systems,West,Finance,Cold Call,Priya Nair,Qualification,23800.0,2025-12-29,,False,
D01250,Horizon Enterprises,South,Education,Referral,Vikram Shah,Closed Won,5800.0,2024-04-29,2024-06-06,True,38.0
D01251,Pioneer Industries,Central,Retail,Trade Show,Rohit Verma,Negotiation,10000.0,2025-01-25,,False,
D01252,Delta Technologies,North,It Services,Partner,Arjun Mehta,Closed Won,28500.0,2026-01-21,2026-02-27,True,37.0
D01253,Orbit Corp,South,Retail,Partner,Karan Malhotra,Proposal,6100.0,2024-04-23,,False,
D01254,Delta Industries,East,It Services,Trade Show,Ananya Rao,Negotiation,22300.0,2025-03-16,,False,
D01255,Quantum Systems,South,Manufacturing,Trade Show,Arjun Mehta,Prospecting,24800.0,2025-08-06,,False,
D01256,Jupiter Technologies,Central,Education,Cold Call,Ananya Rao,Qualification,5600.0,2025-09-10,,False,
D01257,Radiant Group,East,Finance,Cold Call,Rohit Verma,Proposal,60200.0,2026-04-10,,False,
D01258,Vertex Industries,Central,Manufacturing,Cold Call,Priya Nair,Proposal,13300.0,2026-05-03,,False,
D01259,Unity Corp,Central,Retail,Partner,Sneha Iyer,Proposal,3200.0,2025-02-20,,False,
D01260,Ironclad Group,East,It Services,Partner,Priya Nair,Negotiation,18400.0,2026-06-16,,False,
D01261,Zenith Industries,East,Healthcare,Referral,Karan Malhotra,Proposal,20900.0,2024-06-29,,False,
D01262,Lumina Corp,South,Retail,Trade Show,Priya Nair,Prospecting,9400.0,2026-05-07,,False,
D01263,Radiant Systems,Central,It Services,Trade Show,Priya Nair,Proposal,20000.0,2025-12-23,,False,
D01264,Orbit Solutions,South,Finance,Trade Show,Karan Malhotra,Closed Won,46400.0,2024-03-06,2024-04-25,True,50.0
D01265,Quantum Group,East,Manufacturing,Partner,Rohit Verma,Negotiation,31700.0,2026-06-26,,False,
D01266,Radiant Systems,West,Healthcare,Partner,Vikram Shah,Negotiation,5700.0,2026-04-12,,False,
D01267,Zenith Group,East,Education,Website,Rohit Verma,Closed Lost,9400.0,2024-07-31,2024-08-23,False,23.0
D01268,Jupiter Industries,East,It Services,Website,Kavya Reddy,Qualification,6500.0,2025-03-01,,False,
D01269,Titan Industries,West,Retail,Social Media,Ananya Rao,Qualification,6400.0,2026-05-17,,False,
D01270,Bright Corp,Central,Finance,Partner,Priya Nair,Prospecting,51200.0,2025-07-14,,False,
D01271,Unity Technologies,South,Retail,Partner,Arjun Mehta,Qualification,16900.0,2024-05-12,,False,
D01272,Radiant Technologies,South,It Services,Referral,Sneha Iyer,Negotiation,18600.0,2025-07-24,,False,
D01273,Pioneer Technologies,Central,Education,Partner,Rohit Verma,Qualification,3800.0,2025-07-19,,False,
D01274,Meridian Systems,South,Education,Social Media,Rohit Verma,Prospecting,9000.0,2025-01-08,,False,
D01275,Horizon Corp,West,Retail,Trade Show,Karan Malhotra,Qualification,14500.0,2026-01-23,,False,
D01276,Unity Group,West,Finance,Trade Show,Vikram Shah,Proposal,15200.0,2024-05-29,,False,
D01277,Delta Industries,West,Retail,Trade Show,Rohit Verma,Negotiation,12100.0,2026-01-15,,False,
D01278,Falcon Group,Central,Education,Website,Kavya Reddy,Closed Won,8400.0,2025-06-04,2025-06-24,True,20.0
D01279,Meridian Solutions,East,Retail,Website,Vikram Shah,Negotiation,6900.0,2025-12-20,,False,
D01280,Global Technologies,East,Education,Website,Arjun Mehta,Prospecting,4500.0,2024-09-22,,False,
D01281,Falcon Technologies,West,It Services,Partner,Sneha Iyer,Proposal,11900.0,2024-01-16,,False,
D01282,Everest Group,East,Education,Partner,Karan Malhotra,Qualification,11100.0,2026-03-17,,False,
D01283,Everest Technologies,South,Retail,Social Media,Priya Nair,Closed Lost,9200.0,2025-08-16,2025-09-25,False,40.0
D01284,Pioneer Solutions,Central,Healthcare,Trade Show,Vikram Shah,Closed Lost,12300.0,2026-03-09,2026-04-08,False,30.0
D01285,Orbit Systems,West,Manufacturing,Partner,Rohit Verma,Qualification,19700.0,2025-04-09,,False,
D01286,Everest Industries,West,It Services,Trade Show,Vikram Shah,Proposal,19900.0,2025-12-30,,False,
D01287,Ironclad Systems,East,Retail,Social Media,Kavya Reddy,Closed Won,5700.0,2025-07-22,2025-08-15,True,24.0
D01288,Radiant Technologies,East,It Services,Trade Show,Rohit Verma,Negotiation,14800.0,2024-10-30,,False,
D01289,Radiant Corp,North,Healthcare,Cold Call,Vikram Shah,Prospecting,14300.0,2026-03-18,,False,
D01290,Jupiter Enterprises,Central,Retail,Referral,Rohit Verma,Negotiation,9100.0,2025-01-16,,False,
D01291,Lumina Solutions,West,Finance,Social Media,Arjun Mehta,Prospecting,33100.0,2024-07-30,,False,
D01292,Radiant Industries,West,Retail,Cold Call,Kavya Reddy,Proposal,7600.0,2026-03-11,,False,
D01293,Unity Corp,South,Healthcare,Referral,Arjun Mehta,Closed Won,16100.0,2025-10-23,2025-11-20,True,28.0
D01294,Bright Corp,West,Education,Partner,Vikram Shah,Qualification,3300.0,2025-07-25,,False,
D01295,Kinetic Enterprises,Central,Education,Referral,Karan Malhotra,Closed Won,7100.0,2025-01-02,2025-01-25,True,23.0
D01296,Ironclad Enterprises,Central,Education,Referral,Kavya Reddy,Prospecting,4500.0,2024-03-16,,False,
D01297,Alpha Solutions,Central,It Services,Cold Call,Priya Nair,Negotiation,12300.0,2024-01-08,,False,
D01298,Summit Industries,West,Finance,Social Media,Kavya Reddy,Closed Won,23800.0,2026-04-28,2026-05-21,True,23.0
D01299,Vertex Industries,East,Healthcare,Social Media,Karan Malhotra,Proposal,17100.0,2025-06-08,,False,
D01300,Jupiter Group,South,Healthcare,Partner,Kavya Reddy,Closed Won,27100.0,2026-02-25,2026-03-25,True,28.0
D01301,Falcon Solutions,South,Manufacturing,Trade Show,Kavya Reddy,Qualification,29300.0,2024-10-06,,False,
D01302,Unity Enterprises,East,Retail,Partner,Kavya Reddy,Proposal,5400.0,2024-05-28,,False,
D01303,Global Solutions,Central,Manufacturing,Referral,Sneha Iyer,Proposal,20000.0,2025-05-08,,False,
D01304,Jupiter Enterprises,North,Education,Website,Arjun Mehta,Closed Won,6900.0,2025-03-26,2025-04-07,True,12.0
D01305,Summit Corp,West,Education,Partner,Priya Nair,Qualification,3900.0,2024-02-13,,False,
D01306,Global Technologies,West,Manufacturing,Trade Show,Arjun Mehta,Proposal,40400.0,2026-03-04,,False,
D01307,Nexus Technologies,Central,Retail,Trade Show,Ananya Rao,Qualification,500.0,2025-07-15,,False,
D01308,Crest Enterprises,South,Retail,Cold Call,Arjun Mehta,Proposal,4700.0,2024-06-23,,False,
D01309,Horizon Systems,West,Healthcare,Cold Call,Ananya Rao,Closed Won,2600.0,2025-03-06,2025-06-03,True,89.0
D01310,Nexus Corp,West,It Services,Cold Call,Priya Nair,Qualification,15000.0,2025-02-20,,False,
D01311,Radiant Enterprises,North,Education,Referral,Sneha Iyer,Qualification,8700.0,2025-06-13,,False,
D01312,Lumina Corp,West,It Services,Website,Priya Nair,Qualification,15300.0,2024-01-06,,False,
D01313,Horizon Industries,Central,Manufacturing,Trade Show,Karan Malhotra,Qualification,13900.0,2026-02-11,,False,
D01314,Crest Systems,West,It Services,Trade Show,Priya Nair,Qualification,24000.0,2025-06-21,,False,
D01315,Crest Corp,East,Finance,Website,Kavya Reddy,Proposal,28100.0,2026-06-20,,False,
D01316,Unity Systems,West,It Services,Trade Show,Kavya Reddy,Prospecting,21100.0,2026-02-05,,False,
D01317,Delta Solutions,North,It Services,Partner,Vikram Shah,Negotiation,18900.0,2025-05-25,,False,
D01318,Unity Industries,North,Retail,Website,Ananya Rao,Closed Won,8100.0,2024-08-14,2024-09-29,True,46.0
D01319,Kinetic Systems,West,Retail,Referral,Priya Nair,Prospecting,7400.0,2024-02-28,,False,
D01320,Summit Systems,North,Finance,Cold Call,Karan Malhotra,Qualification,9200.0,2025-09-16,,False,
D01321,Delta Industries,West,Finance,Trade Show,Priya Nair,Proposal,22500.0,2025-02-18,,False,
D01322,Ironclad Technologies,East,Retail,Website,Ananya Rao,Closed Won,6900.0,2024-02-19,2024-03-27,True,37.0
D01323,Everest Systems,West,Education,Trade Show,Ananya Rao,Proposal,6000.0,2025-07-10,,False,
D01324,Crest Systems,North,It Services,Website,Vikram Shah,Closed Lost,18600.0,2025-04-27,2025-05-23,False,26.0
D01325,Delta Corp,West,Manufacturing,Cold Call,Ananya Rao,Negotiation,31800.0,2025-10-08,,False,
D01326,Delta Systems,East,Manufacturing,Trade Show,Vikram Shah,Negotiation,21300.0,2024-03-11,,False,
D01327,Lumina Industries,Central,It Services,Cold Call,Vikram Shah,Closed Won,21800.0,2025-08-30,2025-10-07,True,38.0
D01328,Jupiter Corp,South,It Services,Website,Sneha Iyer,Proposal,13300.0,2024-01-16,,False,
D01329,Jupiter Enterprises,East,Manufacturing,Social Media,Rohit Verma,Prospecting,29400.0,2024-03-26,,False,
D01330,Zenith Group,North,Finance,Website,Ananya Rao,Prospecting,30800.0,2025-07-28,,False,
D01331,Meridian Systems,Central,Education,Referral,Karan Malhotra,Negotiation,8200.0,2025-10-13,,False,
D01332,Global Industries,North,Education,Trade Show,Vikram Shah,Proposal,2700.0,2026-05-18,,False,
D01333,Summit Corp,West,Manufacturing,Referral,Ananya Rao,Closed Lost,29500.0,2026-01-12,2026-03-29,False,76.0
D01334,Bright Corp,West,Manufacturing,Cold Call,Ananya Rao,Proposal,11800.0,2025-04-05,,False,
D01335,Titan Systems,East,Finance,Referral,Kavya Reddy,Closed Won,30800.0,2025-04-09,2025-06-01,True,53.0
D01336,Radiant Group,Central,It Services,Social Media,Karan Malhotra,Negotiation,20900.0,2024-03-03,,False,
D01337,Delta Industries,South,It Services,Website,Sneha Iyer,Closed Lost,8900.0,2026-02-22,2026-04-30,False,67.0
D01338,Titan Corp,East,Manufacturing,Website,Arjun Mehta,Closed Lost,15000.0,2024-09-01,2024-10-02,False,31.0
D01339,Radiant Enterprises,North,It Services,Cold Call,Kavya Reddy,Prospecting,28200.0,2024-03-18,,False,
D01340,Crest Technologies,Central,Retail,Referral,Priya Nair,Negotiation,12300.0,2024-04-22,,False,
D01341,Zenith Systems,North,Manufacturing,Trade Show,Kavya Reddy,Closed Lost,30300.0,2025-07-13,2025-09-23,False,72.0
D01342,Titan Enterprises,North,It Services,Partner,Karan Malhotra,Closed Won,9000.0,2024-03-20,2024-06-07,True,79.0
D01343,Orbit Corp,South,It Services,Referral,Vikram Shah,Prospecting,9900.0,2024-02-22,,False,
D01344,Titan Group,South,It Services,Referral,Rohit Verma,Proposal,20200.0,2025-02-13,,False,
D01345,Falcon Solutions,Central,Manufacturing,Website,Priya Nair,Qualification,33100.0,2024-10-23,,False,
D01346,Radiant Systems,West,It Services,Partner,Sneha Iyer,Prospecting,11700.0,2024-03-06,,False,
D01347,Global Industries,East,Healthcare,Referral,Kavya Reddy,Prospecting,11500.0,2025-09-17,,False,
D01348,Vertex Systems,East,It Services,Trade Show,Kavya Reddy,Closed Won,11200.0,2025-11-07,2025-11-12,True,5.0
D01349,Crest Corp,East,Education,Social Media,Kavya Reddy,Negotiation,5900.0,2024-05-26,,False,
D01350,Horizon Systems,North,Manufacturing,Website,Sneha Iyer,Closed Won,10100.0,2026-06-10,2026-06-30,True,20.0
D01351,Quantum Group,East,Education,Website,Arjun Mehta,Closed Lost,7900.0,2024-02-06,2024-02-24,False,18.0
D01352,Kinetic Corp,East,Manufacturing,Cold Call,Kavya Reddy,Closed Won,5200.0,2025-08-09,2025-10-10,True,62.0
D01353,Zenith Solutions,South,Healthcare,Trade Show,Karan Malhotra,Qualification,30100.0,2024-04-19,,False,
D01354,Vertex Industries,North,Finance,Trade Show,Priya Nair,Qualification,35400.0,2026-02-01,,False,
D01355,Alpha Technologies,West,Healthcare,Cold Call,Sneha Iyer,Closed Lost,11500.0,2026-02-08,2026-03-20,False,40.0
D01356,Horizon Enterprises,South,Healthcare,Cold Call,Arjun Mehta,Closed Lost,24600.0,2024-07-07,2024-08-19,False,43.0
D01357,Pioneer Corp,West,Manufacturing,Referral,Sneha Iyer,Proposal,24100.0,2026-01-10,,False,
D01358,Orbit Enterprises,West,Finance,Referral,Karan Malhotra,Qualification,45800.0,2025-01-23,,False,
D01359,Vertex Corp,East,Finance,Partner,Vikram Shah,Closed Won,19700.0,2024-09-25,2024-12-08,True,74.0
D01360,Orbit Systems,North,Manufacturing,Referral,Karan Malhotra,Negotiation,18500.0,2026-03-05,,False,
D01361,Quantum Systems,North,Manufacturing,Trade Show,Priya Nair,Prospecting,21000.0,2024-04-04,,False,
D01362,Delta Industries,South,Retail,Website,Ananya Rao,Closed Won,15500.0,2024-10-09,2024-10-28,True,19.0
D01363,Ironclad Group,West,Education,Trade Show,Kavya Reddy,Closed Lost,3800.0,2024-11-23,2025-01-21,False,59.0
D01364,Global Industries,East,Retail,Social Media,Vikram Shah,Negotiation,6400.0,2025-08-15,,False,
D01365,Falcon Industries,Central,Education,Referral,Arjun Mehta,Closed Won,9300.0,2024-01-18,2024-03-30,True,72.0
D01366,Delta Technologies,South,Retail,Trade Show,Ananya Rao,Proposal,10800.0,2024-01-28,,False,
D01367,Meridian Enterprises,Central,Education,Partner,Rohit Verma,Qualification,10600.0,2026-05-05,,False,
D01368,Orbit Enterprises,West,Finance,Referral,Kavya Reddy,Closed Won,48000.0,2026-02-26,2026-04-09,True,42.0
D01369,Pioneer Group,West,Finance,Trade Show,Arjun Mehta,Proposal,55500.0,2026-03-16,,False,
D01370,Alpha Solutions,East,Retail,Trade Show,Kavya Reddy,Proposal,11100.0,2025-10-13,,False,
D01371,Summit Enterprises,Central,Education,Social Media,Kavya Reddy,Closed Won,5900.0,2025-07-29,2025-08-28,True,30.0
D01372,Global Corp,East,Manufacturing,Trade Show,Ananya Rao,Closed Won,14000.0,2025-06-10,2025-09-26,True,108.0
D01373,Ironclad Enterprises,East,Healthcare,Trade Show,Karan Malhotra,Qualification,18100.0,2024-08-19,,False,
D01374,Unity Enterprises,West,Finance,Cold Call,Rohit Verma,Negotiation,41400.0,2024-08-15,,False,
D01375,Crest Technologies,East,Manufacturing,Cold Call,Priya Nair,Negotiation,22700.0,2025-08-19,,False,
D01376,Zenith Industries,East,Finance,Partner,Rohit Verma,Qualification,43600.0,2026-01-25,,False,
D01377,Zenith Enterprises,South,Education,Partner,Arjun Mehta,Negotiation,2400.0,2025-02-25,,False,
D01378,Meridian Corp,South,Healthcare,Partner,Karan Malhotra,Closed Won,14700.0,2024-06-09,2024-08-17,True,69.0
D01379,Everest Group,West,It Services,Trade Show,Sneha Iyer,Closed Won,11000.0,2025-01-03,2025-05-07,True,124.0
D01380,Alpha Industries,East,Finance,Referral,Karan Malhotra,Negotiation,54700.0,2025-03-19,,False,
D01381,Delta Group,South,Finance,Trade Show,Priya Nair,Proposal,35300.0,2026-03-05,,False,
D01382,Jupiter Solutions,Central,Retail,Partner,Rohit Verma,Closed Won,8100.0,2024-01-13,2024-02-10,True,28.0
D01383,Pioneer Industries,North,It Services,Partner,Kavya Reddy,Qualification,30800.0,2025-12-15,,False,
D01384,Everest Solutions,West,Healthcare,Referral,Priya Nair,Closed Lost,13100.0,2024-02-14,2024-02-19,False,5.0
D01385,Quantum Solutions,West,Manufacturing,Cold Call,Rohit Verma,Proposal,37700.0,2025-10-06,,False,
D01386,Meridian Industries,North,Manufacturing,Trade Show,Ananya Rao,Proposal,29400.0,2024-08-27,,False,
D01387,Bright Enterprises,East,Finance,Trade Show,Arjun Mehta,Closed Won,32100.0,2024-08-04,2024-09-02,True,29.0
D01388,Bright Enterprises,East,Healthcare,Social Media,Arjun Mehta,Closed Won,19100.0,2025-09-02,2025-09-19,True,17.0
D01389,Lumina Technologies,East,It Services,Partner,Vikram Shah,Prospecting,18100.0,2025-08-12,,False,
D01390,Alpha Systems,East,Manufacturing,Trade Show,Sneha Iyer,Prospecting,22400.0,2025-07-13,,False,
D01391,Quantum Corp,North,Education,Social Media,Karan Malhotra,Negotiation,4500.0,2026-04-24,,False,
D01392,Meridian Corp,West,Finance,Referral,Arjun Mehta,Closed Won,19400.0,2024-12-11,2025-01-04,True,24.0
D01393,Falcon Solutions,West,It Services,Social Media,Arjun Mehta,Closed Lost,8300.0,2026-05-28,2026-06-30,False,33.0
D01394,Delta Industries,South,Education,Referral,Karan Malhotra,Closed Lost,4400.0,2024-06-12,2024-07-27,False,45.0
D01395,Vertex Solutions,North,Healthcare,Partner,Arjun Mehta,Proposal,20300.0,2024-06-16,,False,
D01396,Summit Systems,West,Education,Social Media,Karan Malhotra,Prospecting,4700.0,2026-03-18,,False,
D01397,Falcon Technologies,North,It Services,Social Media,Rohit Verma,Proposal,22900.0,2024-03-18,,False,
D01398,Delta Solutions,East,Healthcare,Social Media,Vikram Shah,Closed Lost,19600.0,2024-04-01,2024-04-16,False,15.0
D01399,Crest Corp,North,Healthcare,Partner,Kavya Reddy,Closed Won,24800.0,2024-04-24,2024-06-22,True,59.0
D01400,Summit Industries,West,It Services,Referral,Vikram Shah,Closed Lost,21000.0,2026-05-02,2026-06-13,False,42.0
D01401,Summit Group,North,Education,Trade Show,Ananya Rao,Negotiation,3200.0,2026-01-30,,False,
D01402,Global Technologies,East,Manufacturing,Website,Kavya Reddy,Qualification,41400.0,2025-12-22,,False,
D01403,Meridian Solutions,West,It Services,Trade Show,Rohit Verma,Qualification,8600.0,2025-04-05,,False,
D01404,Unity Industries,East,It Services,Referral,Arjun Mehta,Proposal,12800.0,2024-03-31,,False,
D01405,Meridian Industries,Central,It Services,Trade Show,Priya Nair,Closed Won,12100.0,2026-02-04,2026-04-12,True,67.0
D01406,Pioneer Solutions,South,Healthcare,Trade Show,Kavya Reddy,Closed Lost,24100.0,2026-02-17,2026-05-06,False,78.0
D01407,Nexus Industries,South,Education,Cold Call,Kavya Reddy,Negotiation,2200.0,2024-08-17,,False,
D01408,Falcon Industries,South,Education,Partner,Arjun Mehta,Closed Lost,5300.0,2025-02-26,2025-04-27,False,60.0
D01409,Nexus Solutions,East,Retail,Cold Call,Vikram Shah,Prospecting,4100.0,2024-05-21,,False,
D01410,Summit Group,East,Manufacturing,Website,Arjun Mehta,Closed Won,27700.0,2025-05-24,2025-06-25,True,32.0
D01411,Zenith Group,East,Retail,Cold Call,Kavya Reddy,Proposal,8600.0,2025-03-07,,False,
D01412,Radiant Solutions,South,It Services,Referral,Sneha Iyer,Prospecting,10500.0,2026-06-06,,False,
D01413,Orbit Solutions,West,Finance,Cold Call,Arjun Mehta,Prospecting,59500.0,2024-02-20,,False,
D01414,Ironclad Systems,North,It Services,Cold Call,Arjun Mehta,Negotiation,19700.0,2025-05-02,,False,
D01415,Meridian Industries,North,Manufacturing,Website,Kavya Reddy,Closed Won,2900.0,2025-01-01,2025-01-14,True,13.0
D01416,Falcon Technologies,North,Finance,Website,Rohit Verma,Negotiation,32600.0,2026-04-26,,False,
D01417,Unity Technologies,Central,Education,Partner,Arjun Mehta,Prospecting,6500.0,2024-07-08,,False,
D01418,Radiant Industries,Central,Retail,Website,Priya Nair,Closed Won,5400.0,2024-10-20,2024-11-01,True,12.0
D01419,Titan Industries,West,Healthcare,Trade Show,Ananya Rao,Proposal,16600.0,2026-06-05,,False,
D01420,Summit Corp,East,Finance,Social Media,Rohit Verma,Proposal,29450.0,2024-01-23,,False,
D01421,Bright Industries,West,It Services,Cold Call,Arjun Mehta,Negotiation,14000.0,2025-08-21,,False,
D01422,Nexus Group,Central,Education,Referral,Vikram Shah,Closed Lost,3700.0,2025-03-04,2025-04-07,False,34.0
D01423,Pioneer Corp,East,It Services,Social Media,Rohit Verma,Qualification,6900.0,2026-02-27,,False,
D01424,Titan Enterprises,West,Retail,Referral,Ananya Rao,Qualification,4000.0,2024-03-24,,False,
D01425,Ironclad Corp,West,Healthcare,Partner,Priya Nair,Closed Lost,22000.0,2026-06-03,2026-06-30,False,27.0
D01426,Alpha Enterprises,Central,Manufacturing,Referral,Ananya Rao,Proposal,15200.0,2025-07-23,,False,
D01427,Nexus Corp,South,Healthcare,Partner,Kavya Reddy,Proposal,22100.0,2025-07-15,,False,
D01428,Titan Industries,North,Finance,Partner,Priya Nair,Closed Lost,27800.0,2025-02-16,2025-04-07,False,50.0
D01429,Vertex Corp,South,It Services,Referral,Ananya Rao,Prospecting,13800.0,2024-07-14,,False,
D01430,Everest Solutions,South,Education,Partner,Karan Malhotra,Qualification,7000.0,2026-06-04,,False,
D01431,Alpha Industries,West,Healthcare,Website,Vikram Shah,Closed Lost,21200.0,2024-04-14,2024-05-21,False,37.0
D01432,Titan Technologies,North,It Services,Partner,Kavya Reddy,Qualification,16100.0,2025-09-26,,False,
D01433,Jupiter Industries,South,Finance,Referral,Arjun Mehta,Proposal,28200.0,2026-03-30,,False,
D01434,Zenith Systems,South,Education,Website,Arjun Mehta,Proposal,8400.0,2025-12-17,,False,
D01435,Kinetic Systems,Central,Retail,Trade Show,Kavya Reddy,Qualification,13600.0,2024-08-27,,False,
D01436,Global Corp,North,Retail,Cold Call,Sneha Iyer,Qualification,6300.0,2024-10-26,,False,
D01437,Radiant Technologies,South,Education,Website,Sneha Iyer,Proposal,5300.0,2026-01-22,,False,
D01438,Zenith Technologies,Central,Finance,Trade Show,Karan Malhotra,Qualification,31800.0,2025-12-06,,False,
D01439,Alpha Industries,South,It Services,Referral,Priya Nair,Proposal,25600.0,2026-05-27,,False,
D01440,Radiant Solutions,South,Healthcare,Website,Arjun Mehta,Closed Won,16200.0,2024-06-10,2024-08-28,True,79.0
D01441,Alpha Solutions,West,It Services,Referral,Arjun Mehta,Qualification,17300.0,2024-09-26,,False,
D01442,Global Industries,East,Retail,Website,Rohit Verma,Closed Lost,6500.0,2024-07-07,2024-09-04,False,59.0
D01443,Summit Industries,East,Finance,Cold Call,Rohit Verma,Closed Won,46800.0,2024-05-23,2024-07-18,True,56.0
D01444,Horizon Enterprises,East,It Services,Website,Vikram Shah,Proposal,12700.0,2025-11-07,,False,
D01445,Pioneer Industries,South,Manufacturing,Referral,Rohit Verma,Prospecting,28900.0,2024-05-28,,False,
D01446,Unity Industries,Central,Education,Cold Call,Sneha Iyer,Prospecting,4000.0,2026-03-08,,False,
D01447,Pioneer Corp,North,Education,Referral,Vikram Shah,Negotiation,3900.0,2024-03-21,,False,
D01448,Falcon Systems,West,Healthcare,Social Media,Karan Malhotra,Proposal,25500.0,2026-06-19,,False,
D01449,Kinetic Group,South,Finance,Cold Call,Ananya Rao,Proposal,19900.0,2026-04-24,,False,
D01450,Unity Solutions,South,Education,Website,Rohit Verma,Negotiation,8800.0,2025-02-12,,False,
D01451,Alpha Solutions,East,Retail,Partner,Vikram Shah,Proposal,6000.0,2025-07-26,,False,
D01452,Vertex Solutions,West,Education,Partner,Ananya Rao,Qualification,7700.0,2024-11-13,,False,
D01453,Kinetic Solutions,East,Manufacturing,Trade Show,Sneha Iyer,Closed Lost,19900.0,2025-06-06,2025-07-10,False,34.0
D01454,Crest Systems,Central,Education,Cold Call,Karan Malhotra,Prospecting,3700.0,2024-10-07,,False,
D01455,Titan Solutions,West,Manufacturing,Cold Call,Rohit Verma,Negotiation,31400.0,2026-02-26,,False,
D01456,Meridian Industries,North,It Services,Website,Priya Nair,Negotiation,15300.0,2025-10-10,,False,
D01457,Alpha Solutions,Central,It Services,Referral,Karan Malhotra,Closed Lost,31200.0,2025-06-11,2025-08-04,False,54.0
D01458,Nexus Systems,South,Manufacturing,Referral,Kavya Reddy,Closed Won,1500.0,2024-08-01,2024-10-18,True,78.0
D01459,Quantum Corp,Central,Finance,Cold Call,Sneha Iyer,Prospecting,30200.0,2025-01-23,,False,
D01460,Quantum Technologies,East,Education,Referral,Karan Malhotra,Proposal,6000.0,2026-05-13,,False,
D01461,Pioneer Solutions,South,Finance,Social Media,Karan Malhotra,Closed Won,32100.0,2025-04-20,2025-05-10,True,20.0
D01462,Summit Enterprises,South,Finance,Partner,Priya Nair,Qualification,22600.0,2024-05-14,,False,
D01463,Crest Technologies,West,Finance,Cold Call,Vikram Shah,Proposal,13900.0,2024-02-13,,False,
D01464,Meridian Corp,North,Manufacturing,Partner,Arjun Mehta,Closed Won,33600.0,2024-06-20,2024-07-20,True,30.0
D01465,Radiant Group,North,Retail,Website,Vikram Shah,Negotiation,9500.0,2026-05-05,,False,
D01466,Delta Corp,North,Manufacturing,Trade Show,Rohit Verma,Qualification,16600.0,2024-03-11,,False,
D01467,Kinetic Enterprises,Central,Finance,Cold Call,Kavya Reddy,Proposal,24100.0,2026-05-04,,False,
D01468,Radiant Technologies,West,Manufacturing,Referral,Kavya Reddy,Closed Won,16500.0,2025-10-15,2025-11-03,True,19.0
D01469,Lumina Enterprises,South,Education,Social Media,Vikram Shah,Proposal,3800.0,2024-05-21,,False,
D01470,Titan Systems,East,Healthcare,Trade Show,Sneha Iyer,Proposal,16600.0,2025-06-18,,False,
D01471,Falcon Technologies,East,Finance,Referral,Sneha Iyer,Qualification,29300.0,2024-07-13,,False,
D01472,Quantum Solutions,North,Healthcare,Referral,Priya Nair,Negotiation,26300.0,2025-07-10,,False,
D01473,Titan Technologies,West,Education,Trade Show,Karan Malhotra,Closed Won,5400.0,2025-12-07,2026-02-05,True,60.0
D01474,Bright Systems,Central,Healthcare,Partner,Rohit Verma,Closed Lost,15600.0,2024-11-26,2025-02-10,False,76.0
D01475,Quantum Corp,West,Manufacturing,Social Media,Kavya Reddy,Closed Lost,22500.0,2025-08-09,2025-09-11,False,33.0
D01476,Titan Technologies,West,Manufacturing,Referral,Arjun Mehta,Qualification,48100.0,2025-04-11,,False,
D01477,Horizon Technologies,West,Finance,Referral,Arjun Mehta,Closed Won,32400.0,2024-11-21,2024-12-05,True,14.0
D01478,Ironclad Systems,Central,Healthcare,Cold Call,Karan Malhotra,Negotiation,10500.0,2025-02-12,,False,
D01479,Falcon Group,East,Finance,Cold Call,Kavya Reddy,Negotiation,16500.0,2025-04-28,,False,
D01480,Crest Corp,East,Manufacturing,Cold Call,Kavya Reddy,Proposal,26000.0,2025-05-04,,False,
D01481,Titan Enterprises,North,Manufacturing,Partner,Kavya Reddy,Closed Lost,21900.0,2025-01-21,2025-02-25,False,35.0
D01482,Delta Industries,East,Finance,Partner,Vikram Shah,Closed Lost,25300.0,2024-12-17,2025-01-29,False,43.0
D01483,Summit Enterprises,East,It Services,Website,Kavya Reddy,Proposal,10200.0,2025-08-13,,False,
D01484,Falcon Group,West,It Services,Trade Show,Priya Nair,Closed Lost,13100.0,2024-11-28,2025-01-03,False,36.0
D01485,Alpha Corp,North,Retail,Trade Show,Sneha Iyer,Closed Won,4300.0,2024-07-07,2024-08-30,True,54.0
D01486,Delta Industries,Central,Manufacturing,Referral,Vikram Shah,Closed Won,34600.0,2025-06-13,2025-07-15,True,32.0
D01487,Radiant Solutions,Central,Education,Partner,Kavya Reddy,Qualification,8000.0,2025-04-09,,False,
D01488,Unity Technologies,South,Healthcare,Website,Karan Malhotra,Prospecting,28100.0,2024-06-01,,False,
D01489,Lumina Group,North,Education,Partner,Priya Nair,Proposal,5400.0,2024-10-16,,False,
D01490,Unity Group,North,Finance,Social Media,Rohit Verma,Proposal,9100.0,2026-06-27,,False,
D01491,Nexus Systems,North,It Services,Partner,Arjun Mehta,Negotiation,27600.0,2024-04-13,,False,
D01492,Summit Systems,West,Education,Partner,Arjun Mehta,Proposal,5700.0,2025-03-26,,False,
D01493,Jupiter Solutions,East,Healthcare,Cold Call,Rohit Verma,Closed Won,27000.0,2024-01-31,2024-03-01,True,30.0
D01494,Lumina Industries,West,Retail,Trade Show,Sneha Iyer,Closed Won,13200.0,2026-06-24,2026-06-30,True,6.0
D01495,Summit Enterprises,Central,It Services,Cold Call,Sneha Iyer,Prospecting,16100.0,2025-04-29,,False,
D01496,Kinetic Group,North,Education,Referral,Karan Malhotra,Closed Won,8700.0,2026-05-24,2026-06-25,True,32.0
D01497,Jupiter Systems,West,Finance,Referral,Vikram Shah,Negotiation,38200.0,2025-03-01,,False,
D01498,Summit Corp,North,Manufacturing,Website,Rohit Verma,Negotiation,25250.0,2025-02-24,,False,
D01499,Orbit Enterprises,South,Healthcare,Partner,Priya Nair,Closed Won,16000.0,2024-10-13,2024-11-23,True,41.0
D01500,Crest Solutions,North,It Services,Social Media,Rohit Verma,Negotiation,17400.0,2026-01-23,,False,
D01501,Nexus Solutions,South,Retail,Trade Show,Vikram Shah,Qualification,1600.0,2026-04-28,,False,
D01502,Orbit Corp,East,Education,Partner,Ananya Rao,Negotiation,7200.0,2024-10-24,,False,
D01503,Vertex Systems,South,Healthcare,Social Media,Vikram Shah,Negotiation,19900.0,2025-03-12,,False,
D01504,Delta Enterprises,North,It Services,Social Media,Kavya Reddy,Closed Won,21100.0,2025-12-13,2026-01-11,True,29.0
D01505,Radiant Corp,Central,Education,Website,Arjun Mehta,Closed Won,1400.0,2024-07-21,2024-09-02,True,43.0
D01506,Bright Systems,Central,It Services,Trade Show,Vikram Shah,Closed Lost,19300.0,2025-08-03,2025-08-28,False,25.0
D01507,Radiant Solutions,South,Education,Cold Call,Ananya Rao,Closed Won,5700.0,2025-03-12,2025-04-14,True,33.0
D01508,Horizon Group,West,Education,Referral,Sneha Iyer,Proposal,2200.0,2025-08-24,,False,
D01509,Orbit Enterprises,East,Finance,Cold Call,Priya Nair,Prospecting,20100.0,2025-03-24,,False,
D01510,Summit Technologies,Central,Retail,Trade Show,Karan Malhotra,Closed Won,7000.0,2026-06-14,2026-06-24,True,10.0
D01511,Quantum Systems,North,Healthcare,Website,Sneha Iyer,Closed Won,15300.0,2025-12-17,2025-12-24,True,7.0
D01512,Quantum Group,Central,Education,Cold Call,Karan Malhotra,Closed Lost,8400.0,2026-04-18,2026-04-26,False,8.0
D01513,Nexus Enterprises,West,It Services,Cold Call,Sneha Iyer,Qualification,14300.0,2025-05-06,,False,
D01514,Crest Systems,East,Finance,Partner,Kavya Reddy,Closed Won,39600.0,2024-08-26,2024-10-10,True,45.0
D01515,Falcon Enterprises,East,Education,Trade Show,Karan Malhotra,Qualification,4200.0,2024-08-29,,False,
D01516,Orbit Technologies,South,It Services,Referral,Vikram Shah,Qualification,19200.0,2024-12-25,,False,
D01517,Meridian Systems,Central,Healthcare,Referral,Kavya Reddy,Proposal,29900.0,2024-07-31,,False,
D01518,Delta Corp,North,Education,Website,Vikram Shah,Prospecting,6500.0,2024-05-16,,False,
D01519,Horizon Technologies,West,Retail,Referral,Ananya Rao,Negotiation,3600.0,2025-05-12,,False,
D01520,Ironclad Solutions,Central,Manufacturing,Cold Call,Karan Malhotra,Proposal,33700.0,2024-07-09,,False,
D01521,Everest Industries,South,Retail,Referral,Kavya Reddy,Negotiation,11900.0,2024-02-22,,False,
D01522,Delta Enterprises,East,Retail,Social Media,Karan Malhotra,Closed Won,9200.0,2024-08-20,2024-09-09,True,20.0
D01523,Radiant Systems,South,Manufacturing,Referral,Priya Nair,Qualification,28300.0,2026-05-14,,False,
D01524,Alpha Group,West,Healthcare,Trade Show,Priya Nair,Qualification,19400.0,2026-02-16,,False,
D01525,Everest Industries,North,Finance,Partner,Arjun Mehta,Proposal,50500.0,2024-07-13,,False,
D01526,Jupiter Solutions,East,Education,Referral,Kavya Reddy,Prospecting,3400.0,2025-03-19,,False,
D01527,Quantum Solutions,North,Education,Website,Sneha Iyer,Closed Won,4400.0,2025-10-05,2025-10-20,True,15.0
D01528,Nexus Group,West,It Services,Website,Arjun Mehta,Closed Lost,11200.0,2025-10-09,2025-12-08,False,60.0
D01529,Unity Industries,South,Manufacturing,Social Media,Priya Nair,Closed Won,34700.0,2024-10-11,2024-11-12,True,32.0
D01530,Bright Group,North,It Services,Social Media,Kavya Reddy,Qualification,5700.0,2024-08-03,,False,
D01531,Titan Enterprises,West,Manufacturing,Cold Call,Kavya Reddy,Negotiation,34400.0,2025-05-07,,False,
D01532,Everest Systems,East,It Services,Partner,Vikram Shah,Closed Lost,17600.0,2024-04-18,2024-05-26,False,38.0
D01533,Global Industries,North,Retail,Website,Sneha Iyer,Closed Lost,10600.0,2024-09-10,2024-10-09,False,29.0
D01534,Unity Solutions,West,Finance,Cold Call,Kavya Reddy,Negotiation,25700.0,2024-12-28,,False,
D01535,Delta Enterprises,North,Finance,Trade Show,Priya Nair,Closed Won,13400.0,2024-09-18,2024-09-29,True,11.0
D01536,Orbit Systems,North,Retail,Website,Arjun Mehta,Closed Won,5800.0,2025-08-18,2025-09-24,True,37.0
D01537,Crest Enterprises,East,Retail,Social Media,Karan Malhotra,Qualification,11100.0,2025-01-23,,False,
D01538,Jupiter Systems,East,Finance,Referral,Sneha Iyer,Proposal,29100.0,2024-07-17,,False,
D01539,Bright Enterprises,West,It Services,Social Media,Rohit Verma,Negotiation,13000.0,2024-08-19,,False,
D01540,Quantum Enterprises,West,Retail,Website,Rohit Verma,Prospecting,9300.0,2026-01-04,,False,
D01541,Ironclad Systems,West,Healthcare,Trade Show,Sneha Iyer,Closed Won,7100.0,2024-03-20,2024-04-12,True,23.0
D01542,Quantum Systems,West,Education,Partner,Rohit Verma,Negotiation,6500.0,2026-01-29,,False,
D01543,Bright Technologies,Central,Healthcare,Trade Show,Priya Nair,Proposal,21300.0,2026-03-14,,False,
D01544,Unity Group,Central,Finance,Website,Vikram Shah,Proposal,11400.0,2024-12-05,,False,
D01545,Nexus Corp,Central,Healthcare,Website,Vikram Shah,Qualification,20500.0,2024-05-17,,False,
D01546,Ironclad Group,South,Education,Social Media,Ananya Rao,Closed Won,5300.0,2024-02-05,2024-04-06,True,61.0
D01547,Crest Systems,Central,It Services,Social Media,Rohit Verma,Closed Lost,18300.0,2024-01-02,2024-02-08,False,37.0
D01548,Radiant Solutions,Central,Manufacturing,Referral,Ananya Rao,Closed Won,12900.0,2025-02-24,2025-04-20,True,55.0
D01549,Titan Corp,North,Retail,Trade Show,Vikram Shah,Negotiation,5500.0,2025-05-18,,False,
D01550,Zenith Solutions,West,Manufacturing,Trade Show,Karan Malhotra,Closed Won,18500.0,2025-06-03,2025-06-20,True,17.0
D01551,Titan Solutions,South,Manufacturing,Trade Show,Ananya Rao,Prospecting,20200.0,2024-10-07,,False,
D01552,Nexus Systems,North,Retail,Partner,Rohit Verma,Proposal,8400.0,2024-07-14,,False,
D01553,Orbit Enterprises,South,Finance,Trade Show,Karan Malhotra,Negotiation,11700.0,2025-01-27,,False,
D01554,Crest Industries,West,Healthcare,Partner,Vikram Shah,Prospecting,14200.0,2026-04-05,,False,
D01555,Global Industries,Central,Education,Referral,Kavya Reddy,Qualification,5400.0,2025-05-06,,False,
D01556,Vertex Corp,Central,Manufacturing,Social Media,Rohit Verma,Closed Lost,39800.0,2025-10-04,2025-11-02,False,29.0
D01557,Horizon Enterprises,Central,It Services,Cold Call,Karan Malhotra,Closed Lost,22100.0,2024-03-30,2024-06-22,False,84.0
D01558,Quantum Corp,West,Healthcare,Referral,Vikram Shah,Closed Lost,10800.0,2026-03-31,2026-04-16,False,16.0
D01559,Bright Group,Central,Retail,Cold Call,Priya Nair,Qualification,12000.0,2024-05-22,,False,
D01560,Jupiter Enterprises,Central,Healthcare,Social Media,Rohit Verma,Closed Lost,14100.0,2024-07-15,2024-08-12,False,28.0
D01561,Global Corp,South,Retail,Website,Rohit Verma,Closed Won,1200.0,2024-03-26,2024-06-10,True,76.0
D01562,Lumina Industries,South,Healthcare,Social Media,Ananya Rao,Negotiation,16600.0,2025-02-03,,False,
D01563,Radiant Group,South,Manufacturing,Trade Show,Ananya Rao,Closed Won,38200.0,2026-03-16,2026-04-25,True,40.0
D01564,Unity Solutions,Central,Manufacturing,Partner,Rohit Verma,Proposal,38400.0,2024-11-08,,False,
D01565,Meridian Technologies,East,Manufacturing,Website,Arjun Mehta,Closed Won,34700.0,2026-04-07,2026-05-12,True,35.0
D01566,Alpha Industries,North,Finance,Website,Priya Nair,Closed Lost,21600.0,2024-02-21,2024-03-01,False,9.0
D01567,Ironclad Corp,North,Finance,Referral,Vikram Shah,Negotiation,17600.0,2024-12-02,,False,
D01568,Lumina Industries,East,Retail,Social Media,Vikram Shah,Qualification,7600.0,2024-03-24,,False,
D01569,Ironclad Systems,Central,It Services,Referral,Rohit Verma,Qualification,9600.0,2025-02-13,,False,
D01570,Unity Technologies,East,It Services,Cold Call,Priya Nair,Qualification,17100.0,2026-05-20,,False,
D01571,Radiant Systems,South,Finance,Trade Show,Rohit Verma,Qualification,29700.0,2024-11-25,,False,
D01572,Nexus Solutions,West,Healthcare,Website,Rohit Verma,Negotiation,8400.0,2025-08-31,,False,
D01573,Everest Technologies,South,Manufacturing,Partner,Sneha Iyer,Negotiation,20900.0,2024-04-06,,False,
D01574,Jupiter Technologies,Central,It Services,Cold Call,Rohit Verma,Prospecting,3400.0,2025-12-16,,False,
D01575,Unity Enterprises,East,Manufacturing,Trade Show,Kavya Reddy,Closed Won,500.0,2026-03-05,2026-06-01,True,88.0
D01576,Meridian Corp,West,Finance,Website,Karan Malhotra,Qualification,14400.0,2024-09-16,,False,
D01577,Quantum Enterprises,East,It Services,Website,Karan Malhotra,Negotiation,12200.0,2025-12-23,,False,
D01578,Global Industries,West,Finance,Website,Ananya Rao,Prospecting,26300.0,2024-07-14,,False,
D01579,Meridian Group,West,Finance,Social Media,Priya Nair,Closed Won,27000.0,2025-12-05,2025-12-31,True,26.0
D01580,Orbit Technologies,North,Healthcare,Website,Vikram Shah,Negotiation,16000.0,2024-02-20,,False,
D01581,Pioneer Enterprises,South,Education,Partner,Rohit Verma,Prospecting,5000.0,2024-10-30,,False,
D01582,Lumina Industries,Central,Retail,Website,Rohit Verma,Proposal,8800.0,2025-02-13,,False,
D01583,Quantum Technologies,West,Retail,Partner,Ananya Rao,Proposal,6600.0,2024-06-24,,False,
D01584,Delta Industries,East,Manufacturing,Referral,Vikram Shah,Closed Won,46900.0,2024-01-14,2024-01-30,True,16.0
D01585,Summit Group,Central,It Services,Social Media,Kavya Reddy,Proposal,12100.0,2026-01-01,,False,
D01586,Delta Enterprises,North,Finance,Trade Show,Karan Malhotra,Qualification,22400.0,2026-04-13,,False,
D01587,Everest Systems,East,It Services,Partner,Sneha Iyer,Proposal,18100.0,2024-04-21,,False,
D01588,Jupiter Solutions,South,Education,Referral,Arjun Mehta,Prospecting,5600.0,2025-06-17,,False,
D01589,Radiant Enterprises,South,Finance,Website,Arjun Mehta,Proposal,41100.0,2026-04-21,,False,
D01590,Horizon Systems,East,It Services,Cold Call,Arjun Mehta,Proposal,16300.0,2026-04-26,,False,
D01591,Falcon Corp,Central,Education,Trade Show,Priya Nair,Closed Lost,7200.0,2025-10-01,2025-11-18,False,48.0
D01592,Meridian Industries,North,Retail,Referral,Arjun Mehta,Negotiation,6700.0,2025-01-10,,False,
D01593,Pioneer Group,Central,Education,Referral,Rohit Verma,Closed Won,500.0,2024-09-16,2024-11-03,True,48.0
D01594,Quantum Solutions,East,Retail,Website,Kavya Reddy,Qualification,1700.0,2026-03-03,,False,
D01595,Delta Systems,North,It Services,Trade Show,Sneha Iyer,Prospecting,27000.0,2025-12-21,,False,
D01596,Unity Technologies,East,Retail,Website,Ananya Rao,Negotiation,5400.0,2025-04-19,,False,
D01597,Kinetic Group,West,Healthcare,Trade Show,Kavya Reddy,Prospecting,30100.0,2025-10-14,,False,
D01598,Unity Group,Central,Education,Social Media,Rohit Verma,Closed Lost,7500.0,2025-03-10,2025-04-04,False,25.0
D01599,Meridian Solutions,North,Education,Trade Show,Arjun Mehta,Qualification,4900.0,2026-05-19,,False,
D01600,Global Enterprises,South,Healthcare,Website,Ananya Rao,Prospecting,9400.0,2025-05-25,,False,
D01601,Vertex Technologies,Central,Manufacturing,Social Media,Vikram Shah,Proposal,20700.0,2024-12-21,,False,
D01602,Titan Systems,Central,Finance,Social Media,Rohit Verma,Qualification,19900.0,2024-10-14,,False,
D01603,Delta Corp,East,Finance,Referral,Priya Nair,Closed Lost,33500.0,2025-04-14,2025-05-15,False,31.0
D01604,Zenith Industries,West,Healthcare,Partner,Sneha Iyer,Proposal,18800.0,2024-12-17,,False,
D01605,Quantum Solutions,North,Finance,Referral,Ananya Rao,Closed Lost,47100.0,2024-03-08,2024-04-22,False,45.0
D01606,Titan Enterprises,South,Education,Website,Sneha Iyer,Closed Won,5100.0,2025-03-25,2025-06-04,True,71.0
D01607,Vertex Enterprises,Central,It Services,Cold Call,Karan Malhotra,Qualification,17800.0,2024-03-25,,False,
D01608,Orbit Solutions,West,It Services,Partner,Priya Nair,Qualification,14600.0,2026-02-09,,False,
D01609,Vertex Technologies,South,Education,Social Media,Ananya Rao,Proposal,5700.0,2025-06-08,,False,
D01610,Titan Enterprises,North,Retail,Referral,Vikram Shah,Prospecting,7300.0,2025-02-02,,False,
D01611,Ironclad Systems,South,Retail,Website,Priya Nair,Closed Lost,8800.0,2025-08-29,2025-10-05,False,37.0
D01612,Falcon Group,Central,Finance,Trade Show,Priya Nair,Closed Lost,37200.0,2024-04-16,2024-05-20,False,34.0
D01613,Orbit Enterprises,North,Education,Website,Rohit Verma,Closed Won,11000.0,2025-06-09,2025-06-20,True,11.0
D01614,Zenith Solutions,East,It Services,Trade Show,Priya Nair,Prospecting,18200.0,2024-06-03,,False,
D01615,Quantum Group,East,Education,Cold Call,Rohit Verma,Closed Won,5000.0,2024-02-08,2024-02-25,True,17.0
D01616,Ironclad Corp,East,Education,Referral,Rohit Verma,Negotiation,6900.0,2026-05-28,,False,
D01617,Falcon Corp,West,Retail,Trade Show,Vikram Shah,Proposal,13900.0,2026-04-02,,False,
D01618,Falcon Systems,East,It Services,Cold Call,Vikram Shah,Prospecting,20900.0,2024-02-20,,False,
D01619,Zenith Technologies,East,Healthcare,Website,Priya Nair,Proposal,24500.0,2026-06-20,,False,
D01620,Radiant Solutions,South,Retail,Website,Kavya Reddy,Prospecting,12000.0,2024-12-25,,False,
D01621,Jupiter Enterprises,East,Retail,Partner,Sneha Iyer,Qualification,2500.0,2025-04-27,,False,
D01622,Everest Industries,East,Manufacturing,Partner,Priya Nair,Closed Won,32200.0,2026-02-12,2026-04-02,True,49.0
D01623,Alpha Corp,Central,Manufacturing,Trade Show,Vikram Shah,Negotiation,22100.0,2025-04-18,,False,
D01624,Alpha Group,West,Manufacturing,Trade Show,Arjun Mehta,Proposal,12100.0,2024-05-15,,False,
D01625,Horizon Group,North,Manufacturing,Partner,Vikram Shah,Closed Won,36900.0,2025-12-24,2026-01-26,True,33.0
D01626,Global Solutions,Central,Education,Website,Priya Nair,Qualification,5400.0,2024-08-31,,False,
D01627,Bright Corp,East,Finance,Cold Call,Sneha Iyer,Qualification,18700.0,2024-04-08,,False,
D01628,Meridian Industries,East,Education,Trade Show,Vikram Shah,Closed Won,4000.0,2024-09-20,2024-10-11,True,21.0
D01629,Everest Industries,Central,Finance,Website,Priya Nair,Closed Lost,25500.0,2026-05-23,2026-06-30,False,38.0
D01630,Bright Systems,East,Retail,Trade Show,Kavya Reddy,Proposal,6200.0,2025-09-16,,False,
D01631,Alpha Systems,South,Manufacturing,Social Media,Vikram Shah,Proposal,9700.0,2024-02-16,,False,
D01632,Falcon Solutions,Central,It Services,Website,Arjun Mehta,Negotiation,16600.0,2024-03-01,,False,
D01633,Lumina Group,North,Manufacturing,Cold Call,Sneha Iyer,Prospecting,28000.0,2024-02-07,,False,
D01634,Summit Enterprises,West,Finance,Social Media,Arjun Mehta,Prospecting,600.0,2024-05-08,,False,
D01635,Zenith Industries,East,Healthcare,Website,Sneha Iyer,Proposal,23800.0,2026-04-05,,False,
D01636,Unity Industries,North,Finance,Partner,Sneha Iyer,Qualification,29500.0,2026-01-16,,False,
D01637,Ironclad Solutions,South,Healthcare,Cold Call,Priya Nair,Closed Won,24700.0,2024-09-03,2024-11-02,True,60.0
D01638,Falcon Corp,South,Manufacturing,Website,Arjun Mehta,Prospecting,23700.0,2025-07-26,,False,
D01639,Quantum Industries,North,It Services,Website,Karan Malhotra,Qualification,7400.0,2025-12-02,,False,
D01640,Vertex Industries,North,Healthcare,Trade Show,Sneha Iyer,Negotiation,21600.0,2025-07-06,,False,
D01641,Delta Solutions,Central,Retail,Referral,Karan Malhotra,Negotiation,7900.0,2026-04-25,,False,
D01642,Falcon Industries,North,Retail,Trade Show,Sneha Iyer,Prospecting,7500.0,2026-02-13,,False,
D01643,Alpha Corp,North,Finance,Partner,Arjun Mehta,Closed Won,37300.0,2024-08-19,2024-09-22,True,34.0
D01644,Orbit Solutions,North,It Services,Website,Sneha Iyer,Qualification,3900.0,2024-08-02,,False,
D01645,Alpha Solutions,West,Finance,Trade Show,Ananya Rao,Prospecting,45400.0,2024-08-14,,False,
D01646,Titan Systems,South,Manufacturing,Website,Sneha Iyer,Negotiation,9100.0,2025-03-31,,False,
D01647,Zenith Group,North,Retail,Cold Call,Karan Malhotra,Prospecting,10300.0,2024-04-16,,False,
D01648,Vertex Corp,West,It Services,Referral,Arjun Mehta,Proposal,9700.0,2025-05-14,,False,
D01649,Quantum Group,South,Healthcare,Referral,Kavya Reddy,Closed Lost,8600.0,2024-04-08,2024-07-15,False,98.0
D01650,Orbit Systems,West,Finance,Cold Call,Karan Malhotra,Proposal,39000.0,2026-02-24,,False,
D01651,Horizon Corp,West,Finance,Partner,Vikram Shah,Closed Lost,16600.0,2026-05-15,2026-06-29,False,45.0
D01652,Everest Systems,Central,Healthcare,Partner,Vikram Shah,Proposal,27700.0,2025-06-25,,False,
D01653,Zenith Industries,South,Education,Partner,Sneha Iyer,Closed Lost,5300.0,2025-04-07,2025-05-13,False,36.0
D01654,Alpha Systems,West,Retail,Cold Call,Rohit Verma,Prospecting,13300.0,2024-02-21,,False,
D01655,Alpha Systems,North,Finance,Cold Call,Ananya Rao,Qualification,20500.0,2024-01-19,,False,
D01656,Ironclad Technologies,North,Healthcare,Trade Show,Sneha Iyer,Prospecting,22000.0,2025-07-24,,False,
D01657,Titan Solutions,North,Manufacturing,Referral,Kavya Reddy,Qualification,14100.0,2024-04-06,,False,
D01658,Ironclad Technologies,West,It Services,Trade Show,Kavya Reddy,Closed Won,14300.0,2024-10-14,2025-01-11,True,89.0
D01659,Horizon Group,North,Retail,Website,Sneha Iyer,Prospecting,7600.0,2024-01-15,,False,
D01660,Crest Corp,North,Manufacturing,Social Media,Rohit Verma,Negotiation,19500.0,2024-12-06,,False,
D01661,Orbit Corp,South,Manufacturing,Website,Rohit Verma,Negotiation,5900.0,2026-05-14,,False,
D01662,Kinetic Industries,West,Retail,Referral,Priya Nair,Closed Won,10700.0,2025-08-26,2025-12-17,True,113.0
D01663,Nexus Solutions,West,Retail,Partner,Kavya Reddy,Proposal,9200.0,2025-12-11,,False,
D01664,Jupiter Enterprises,West,It Services,Cold Call,Priya Nair,Closed Won,19700.0,2024-02-17,2024-02-21,True,4.0
D01665,Kinetic Solutions,South,Retail,Cold Call,Karan Malhotra,Closed Lost,9100.0,2025-02-06,2025-03-11,False,33.0
D01666,Falcon Industries,Central,Retail,Partner,Karan Malhotra,Closed Won,14000.0,2026-01-21,2026-03-14,True,52.0
D01667,Global Solutions,North,Manufacturing,Social Media,Priya Nair,Proposal,23800.0,2024-01-10,,False,
D01668,Everest Solutions,West,Manufacturing,Social Media,Arjun Mehta,Qualification,18200.0,2025-12-29,,False,
D01669,Alpha Systems,Central,Retail,Website,Vikram Shah,Proposal,10300.0,2025-01-12,,False,
D01670,Titan Technologies,West,Finance,Referral,Karan Malhotra,Proposal,25500.0,2026-04-26,,False,
D01671,Orbit Group,South,Education,Cold Call,Sneha Iyer,Prospecting,4300.0,2025-01-16,,False,
D01672,Titan Systems,North,Healthcare,Trade Show,Rohit Verma,Negotiation,25100.0,2024-07-16,,False,
D01673,Summit Corp,Central,Finance,Referral,Ananya Rao,Qualification,16000.0,2025-10-26,,False,
D01674,Bright Technologies,South,Education,Referral,Karan Malhotra,Prospecting,4500.0,2025-10-16,,False,
D01675,Summit Technologies,North,Finance,Partner,Vikram Shah,Closed Won,14300.0,2024-10-02,2024-10-31,True,29.0
D01676,Unity Corp,West,Manufacturing,Website,Rohit Verma,Qualification,31100.0,2024-07-08,,False,
D01677,Zenith Corp,Central,Manufacturing,Social Media,Karan Malhotra,Qualification,29700.0,2025-05-01,,False,
D01678,Everest Industries,East,Manufacturing,Cold Call,Arjun Mehta,Qualification,15500.0,2025-11-08,,False,
D01679,Zenith Technologies,Central,Manufacturing,Partner,Kavya Reddy,Proposal,11100.0,2025-10-12,,False,
D01680,Orbit Corp,South,It Services,Social Media,Sneha Iyer,Closed Won,25300.0,2024-11-12,2024-11-30,True,18.0
D01681,Pioneer Corp,Central,Retail,Partner,Vikram Shah,Qualification,8800.0,2024-02-24,,False,
D01682,Zenith Group,Central,It Services,Trade Show,Sneha Iyer,Proposal,8300.0,2024-09-01,,False,
D01683,Everest Enterprises,West,Education,Social Media,Vikram Shah,Negotiation,9900.0,2024-05-12,,False,
D01684,Titan Systems,North,Finance,Cold Call,Kavya Reddy,Closed Won,41600.0,2026-01-04,2026-03-12,True,67.0
D01685,Unity Industries,South,Education,Partner,Kavya Reddy,Closed Lost,5400.0,2025-01-15,2025-01-29,False,14.0
D01686,Quantum Group,North,Education,Social Media,Arjun Mehta,Closed Lost,3000.0,2026-03-30,2026-06-01,False,63.0
D01687,Summit Enterprises,East,Healthcare,Referral,Sneha Iyer,Prospecting,18100.0,2024-11-26,,False,
D01688,Meridian Group,Central,Education,Cold Call,Karan Malhotra,Closed Lost,7300.0,2026-01-21,2026-03-21,False,59.0
D01689,Radiant Industries,Central,Manufacturing,Referral,Vikram Shah,Proposal,22900.0,2025-08-06,,False,
D01690,Crest Corp,West,Retail,Cold Call,Karan Malhotra,Negotiation,2300.0,2025-08-14,,False,
D01691,Quantum Industries,South,Retail,Cold Call,Ananya Rao,Proposal,7000.0,2025-05-30,,False,
D01692,Horizon Corp,North,It Services,Referral,Ananya Rao,Qualification,13100.0,2025-08-28,,False,
D01693,Ironclad Technologies,North,It Services,Trade Show,Arjun Mehta,Prospecting,11500.0,2025-03-24,,False,
D01694,Ironclad Enterprises,North,Education,Website,Sneha Iyer,Qualification,9900.0,2025-07-01,,False,
D01695,Delta Group,South,Healthcare,Partner,Rohit Verma,Qualification,11400.0,2024-08-17,,False,
D01696,Jupiter Solutions,Central,Retail,Website,Vikram Shah,Closed Won,5600.0,2024-08-10,2024-10-08,True,59.0
D01697,Horizon Solutions,Central,Manufacturing,Referral,Sneha Iyer,Qualification,20100.0,2025-06-09,,False,
D01698,Radiant Group,Central,Retail,Trade Show,Kavya Reddy,Prospecting,2700.0,2024-06-08,,False,
D01699,Titan Corp,Central,Healthcare,Partner,Arjun Mehta,Qualification,18200.0,2025-06-29,,False,
D01700,Delta Corp,South,Education,Website,Sneha Iyer,Closed Won,3000.0,2025-12-01,2026-01-08,True,38.0
D01701,Pioneer Systems,South,Education,Partner,Priya Nair,Closed Won,4100.0,2025-10-03,2025-12-11,True,69.0
D01702,Orbit Technologies,East,Education,Cold Call,Arjun Mehta,Closed Lost,2700.0,2025-08-05,2025-08-30,False,25.0
D01703,Ironclad Solutions,West,Manufacturing,Social Media,Rohit Verma,Negotiation,21700.0,2024-10-26,,False,
D01704,Kinetic Solutions,East,Healthcare,Website,Karan Malhotra,Closed Won,23900.0,2026-03-23,2026-04-20,True,28.0
D01705,Nexus Corp,East,Healthcare,Cold Call,Rohit Verma,Closed Won,25700.0,2024-01-18,2024-03-25,True,67.0
D01706,Summit Enterprises,South,Education,Website,Priya Nair,Negotiation,2700.0,2024-07-25,,False,
D01707,Ironclad Enterprises,South,It Services,Website,Sneha Iyer,Proposal,17700.0,2025-01-03,,False,
D01708,Kinetic Group,North,It Services,Referral,Vikram Shah,Prospecting,16300.0,2025-12-07,,False,
D01709,Summit Solutions,South,Retail,Cold Call,Vikram Shah,Negotiation,8200.0,2025-04-15,,False,
D01710,Horizon Corp,North,Education,Referral,Arjun Mehta,Qualification,4900.0,2024-10-15,,False,
D01711,Zenith Enterprises,North,Retail,Trade Show,Priya Nair,Prospecting,11200.0,2026-06-15,,False,
D01712,Delta Group,Central,Manufacturing,Website,Sneha Iyer,Negotiation,29600.0,2024-11-03,,False,
D01713,Summit Technologies,Central,It Services,Trade Show,Karan Malhotra,Proposal,9800.0,2024-06-13,,False,
D01714,Vertex Corp,North,Healthcare,Cold Call,Sneha Iyer,Proposal,10100.0,2024-05-06,,False,
D01715,Everest Corp,South,Manufacturing,Social Media,Vikram Shah,Proposal,23900.0,2024-11-05,,False,
D01716,Unity Industries,Central,It Services,Trade Show,Sneha Iyer,Prospecting,24600.0,2025-12-30,,False,
D01717,Bright Corp,East,Healthcare,Referral,Rohit Verma,Negotiation,16400.0,2025-02-02,,False,
D01718,Alpha Industries,West,Healthcare,Referral,Ananya Rao,Closed Won,16000.0,2026-06-04,2026-06-30,True,26.0
D01719,Vertex Group,East,Finance,Social Media,Priya Nair,Qualification,31500.0,2025-11-26,,False,
D01720,Zenith Enterprises,Central,Finance,Cold Call,Rohit Verma,Closed Won,32800.0,2025-09-05,2025-09-27,True,22.0
D01721,Zenith Industries,East,Manufacturing,Social Media,Karan Malhotra,Proposal,32600.0,2024-07-25,,False,
D01722,Falcon Technologies,South,Education,Referral,Rohit Verma,Qualification,4900.0,2025-02-02,,False,
D01723,Nexus Solutions,West,Healthcare,Trade Show,Priya Nair,Closed Lost,13100.0,2024-05-30,2024-07-14,False,45.0
D01724,Orbit Group,West,Education,Referral,Ananya Rao,Qualification,3200.0,2024-06-03,,False,
D01725,Radiant Technologies,Central,Retail,Partner,Kavya Reddy,Proposal,7500.0,2024-02-17,,False,
D01726,Kinetic Systems,East,It Services,Website,Priya Nair,Proposal,19700.0,2026-03-26,,False,
D01727,Unity Solutions,East,Retail,Referral,Arjun Mehta,Negotiation,1900.0,2024-07-17,,False,
D01728,Unity Group,West,Finance,Partner,Priya Nair,Prospecting,26700.0,2025-09-18,,False,
D01729,Unity Industries,South,It Services,Trade Show,Priya Nair,Closed Lost,16400.0,2024-01-27,2024-04-14,False,78.0
D01730,Orbit Technologies,West,Manufacturing,Social Media,Ananya Rao,Qualification,32700.0,2024-02-03,,False,
D01731,Bright Corp,South,Manufacturing,Website,Kavya Reddy,Prospecting,31400.0,2025-12-13,,False,
D01732,Radiant Technologies,West,Education,Trade Show,Priya Nair,Proposal,8700.0,2025-04-02,,False,
D01733,Everest Industries,South,Retail,Trade Show,Kavya Reddy,Closed Won,4700.0,2025-11-20,2025-12-01,True,11.0
D01734,Jupiter Industries,West,Retail,Referral,Karan Malhotra,Closed Won,10800.0,2026-04-03,2026-06-30,True,88.0
D01735,Falcon Corp,East,It Services,Cold Call,Priya Nair,Qualification,21600.0,2026-04-09,,False,
D01736,Titan Systems,West,It Services,Social Media,Priya Nair,Closed Won,22100.0,2025-05-16,2025-06-25,True,40.0
D01737,Vertex Group,West,Manufacturing,Cold Call,Karan Malhotra,Closed Lost,18900.0,2024-03-29,2024-05-22,False,54.0
D01738,Lumina Systems,West,Retail,Website,Arjun Mehta,Closed Lost,10100.0,2025-01-15,2025-02-28,False,44.0
D01739,Unity Technologies,West,Education,Social Media,Karan Malhotra,Prospecting,10200.0,2026-06-22,,False,
D01740,Titan Corp,South,Retail,Referral,Kavya Reddy,Proposal,6700.0,2026-05-25,,False,
D01741,Nexus Technologies,North,Retail,Website,Arjun Mehta,Closed Lost,12500.0,2024-01-03,2024-01-16,False,13.0
D01742,Bright Group,North,It Services,Cold Call,Ananya Rao,Prospecting,20100.0,2025-05-16,,False,
D01743,Falcon Systems,East,Education,Website,Kavya Reddy,Prospecting,5000.0,2024-01-20,,False,
D01744,Bright Group,East,Retail,Trade Show,Ananya Rao,Proposal,7900.0,2025-12-14,,False,
D01745,Ironclad Systems,West,Finance,Referral,Karan Malhotra,Prospecting,45300.0,2025-10-25,,False,
D01746,Pioneer Group,South,Education,Referral,Arjun Mehta,Proposal,7200.0,2025-02-07,,False,
D01747,Meridian Technologies,North,Finance,Cold Call,Rohit Verma,Negotiation,31400.0,2026-04-22,,False,
D01748,Jupiter Solutions,West,Finance,Social Media,Kavya Reddy,Closed Lost,31500.0,2024-10-01,2024-11-20,False,50.0
D01749,Bright Systems,East,It Services,Referral,Karan Malhotra,Qualification,16900.0,2025-12-22,,False,
D01750,Quantum Industries,Central,Retail,Social Media,Kavya Reddy,Negotiation,8300.0,2026-04-12,,False,
D01751,Kinetic Technologies,South,Retail,Trade Show,Kavya Reddy,Proposal,7100.0,2025-09-15,,False,
D01752,Nexus Enterprises,North,Manufacturing,Social Media,Vikram Shah,Closed Lost,36800.0,2024-09-21,2024-10-25,False,34.0
D01753,Global Group,East,It Services,Trade Show,Kavya Reddy,Closed Lost,19300.0,2024-01-26,2024-02-04,False,9.0
D01754,Ironclad Solutions,South,Finance,Trade Show,Karan Malhotra,Negotiation,38900.0,2024-10-18,,False,
D01755,Quantum Solutions,West,Finance,Partner,Ananya Rao,Negotiation,21300.0,2024-05-13,,False,
D01756,Crest Corp,Central,Manufacturing,Referral,Vikram Shah,Prospecting,17500.0,2025-03-19,,False,
D01757,Nexus Group,West,Education,Social Media,Karan Malhotra,Qualification,2900.0,2024-09-06,,False,
D01758,Crest Enterprises,West,Finance,Cold Call,Rohit Verma,Closed Lost,49500.0,2025-07-15,2025-08-07,False,23.0
D01759,Orbit Industries,South,It Services,Social Media,Sneha Iyer,Closed Lost,3000.0,2024-07-07,2024-08-05,False,29.0
D01760,Global Enterprises,North,Education,Cold Call,Priya Nair,Negotiation,4800.0,2025-06-27,,False,
D01761,Ironclad Corp,North,Manufacturing,Partner,Rohit Verma,Qualification,19000.0,2024-12-14,,False,
D01762,Orbit Industries,East,Manufacturing,Cold Call,Vikram Shah,Negotiation,2300.0,2025-09-03,,False,
D01763,Horizon Corp,South,It Services,Partner,Arjun Mehta,Qualification,15200.0,2024-11-03,,False,
D01764,Zenith Enterprises,North,Education,Trade Show,Arjun Mehta,Proposal,4600.0,2024-06-10,,False,
D01765,Zenith Industries,East,It Services,Social Media,Vikram Shah,Closed Lost,11500.0,2026-04-19,2026-06-17,False,59.0
D01766,Falcon Technologies,South,Healthcare,Referral,Arjun Mehta,Qualification,5300.0,2024-10-20,,False,
D01767,Meridian Systems,East,Manufacturing,Website,Sneha Iyer,Prospecting,12700.0,2024-01-15,,False,
D01768,Summit Enterprises,South,Education,Cold Call,Sneha Iyer,Negotiation,5000.0,2025-08-26,,False,
D01769,Falcon Corp,Central,Finance,Trade Show,Arjun Mehta,Closed Won,11800.0,2024-05-31,2024-06-23,True,23.0
D01770,Vertex Corp,South,Finance,Partner,Sneha Iyer,Negotiation,7700.0,2025-06-17,,False,
D01771,Falcon Industries,North,Education,Trade Show,Sneha Iyer,Closed Lost,800.0,2025-10-15,2025-10-29,False,14.0
D01772,Alpha Systems,Central,Retail,Trade Show,Arjun Mehta,Proposal,8400.0,2024-10-19,,False,
D01773,Kinetic Systems,East,It Services,Social Media,Arjun Mehta,Qualification,18100.0,2024-08-05,,False,
D01774,Summit Corp,South,Healthcare,Trade Show,Ananya Rao,Closed Lost,15000.0,2024-10-30,2024-11-29,False,30.0
D01775,Ironclad Technologies,South,Manufacturing,Referral,Vikram Shah,Qualification,35300.0,2024-06-04,,False,
D01776,Radiant Systems,West,Healthcare,Referral,Rohit Verma,Qualification,20300.0,2025-02-11,,False,
D01777,Delta Solutions,South,Manufacturing,Website,Ananya Rao,Closed Won,26500.0,2026-03-20,2026-05-31,True,72.0
D01778,Global Corp,North,Manufacturing,Partner,Priya Nair,Prospecting,25800.0,2025-12-01,,False,
D01779,Titan Systems,North,Education,Cold Call,Kavya Reddy,Qualification,3000.0,2025-09-28,,False,
D01780,Nexus Group,South,It Services,Website,Karan Malhotra,Closed Lost,11900.0,2026-03-16,2026-04-05,False,20.0
D01781,Jupiter Technologies,East,Healthcare,Cold Call,Sneha Iyer,Qualification,14400.0,2024-01-31,,False,
D01782,Radiant Technologies,South,Healthcare,Cold Call,Vikram Shah,Closed Won,11100.0,2026-03-24,2026-04-22,True,29.0
D01783,Meridian Industries,Central,Education,Cold Call,Sneha Iyer,Proposal,2800.0,2025-09-27,,False,
D01784,Bright Solutions,Central,Healthcare,Website,Arjun Mehta,Closed Won,14000.0,2024-03-18,2024-05-13,True,56.0
D01785,Falcon Corp,North,Manufacturing,Partner,Vikram Shah,Qualification,26800.0,2025-05-03,,False,
D01786,Delta Enterprises,South,Finance,Cold Call,Arjun Mehta,Closed Won,46000.0,2024-04-22,2024-07-21,True,90.0
D01787,Summit Solutions,Central,Finance,Trade Show,Ananya Rao,Negotiation,27900.0,2024-09-09,,False,
D01788,Delta Solutions,North,Manufacturing,Website,Priya Nair,Negotiation,14600.0,2025-10-19,,False,
D01789,Horizon Corp,East,Retail,Cold Call,Vikram Shah,Negotiation,14200.0,2024-10-17,,False,
D01790,Meridian Enterprises,North,Retail,Partner,Sneha Iyer,Proposal,6600.0,2025-10-20,,False,
D01791,Falcon Industries,Central,Manufacturing,Cold Call,Ananya Rao,Proposal,27200.0,2026-03-19,,False,
D01792,Bright Enterprises,West,Manufacturing,Social Media,Arjun Mehta,Qualification,37800.0,2024-12-19,,False,
D01793,Delta Enterprises,West,Manufacturing,Referral,Rohit Verma,Closed Won,16300.0,2026-05-08,2026-05-27,True,19.0
D01794,Delta Solutions,South,Finance,Partner,Vikram Shah,Qualification,30500.0,2024-01-24,,False,
D01795,Everest Industries,North,Retail,Referral,Arjun Mehta,Qualification,7500.0,2024-09-20,,False,
D01796,Lumina Industries,South,Manufacturing,Social Media,Priya Nair,Proposal,33900.0,2024-03-04,,False,
D01797,Alpha Technologies,South,Manufacturing,Social Media,Karan Malhotra,Closed Won,14100.0,2025-05-10,2025-05-22,True,12.0
D01798,Alpha Solutions,West,It Services,Trade Show,Kavya Reddy,Closed Won,25700.0,2024-10-21,2025-03-25,True,155.0
D01799,Nexus Technologies,North,It Services,Partner,Vikram Shah,Closed Lost,14500.0,2024-12-02,2025-01-27,False,56.0
D01800,Unity Systems,Central,Manufacturing,Website,Priya Nair,Proposal,33400.0,2024-09-01,,False,
D01801,Radiant Enterprises,South,Healthcare,Trade Show,Priya Nair,Qualification,14200.0,2026-02-19,,False,
D01802,Orbit Enterprises,North,Manufacturing,Social Media,Karan Malhotra,Qualification,29000.0,2024-08-05,,False,
D01803,Radiant Corp,North,Finance,Cold Call,Karan Malhotra,Proposal,27600.0,2025-10-09,,False,
D01804,Horizon Systems,North,Education,Social Media,Karan Malhotra,Closed Won,9100.0,2025-06-30,2025-09-12,True,74.0
D01805,Meridian Systems,West,It Services,Cold Call,Karan Malhotra,Closed Won,16000.0,2026-01-15,2026-01-24,True,9.0
D01806,Everest Corp,West,Retail,Cold Call,Priya Nair,Prospecting,6800.0,2025-10-12,,False,
D01807,Nexus Group,West,It Services,Website,Vikram Shah,Closed Won,7100.0,2026-05-16,2026-06-03,True,18.0
D01808,Radiant Corp,Central,Retail,Trade Show,Rohit Verma,Closed Lost,3200.0,2024-07-23,2024-08-05,False,13.0
D01809,Vertex Group,West,Education,Social Media,Priya Nair,Closed Won,6500.0,2026-04-13,2026-05-06,True,23.0
D01810,Lumina Corp,North,It Services,Website,Ananya Rao,Closed Won,10500.0,2024-11-24,2024-12-22,True,28.0
D01811,Bright Corp,North,Healthcare,Trade Show,Karan Malhotra,Closed Won,21100.0,2025-08-16,2025-09-30,True,45.0
D01812,Lumina Corp,East,It Services,Social Media,Kavya Reddy,Negotiation,19100.0,2024-03-06,,False,
D01813,Summit Industries,North,Healthcare,Referral,Karan Malhotra,Qualification,17900.0,2024-10-27,,False,
D01814,Lumina Corp,West,Healthcare,Trade Show,Priya Nair,Closed Lost,25400.0,2025-06-21,2025-09-06,False,77.0
D01815,Global Corp,North,It Services,Referral,Sneha Iyer,Proposal,10900.0,2025-10-14,,False,
D01816,Radiant Solutions,South,Manufacturing,Website,Arjun Mehta,Proposal,11300.0,2024-04-20,,False,
D01817,Bright Enterprises,North,Healthcare,Social Media,Priya Nair,Closed Lost,10200.0,2025-01-05,2025-03-05,False,59.0
D01818,Jupiter Technologies,Central,It Services,Partner,Priya Nair,Closed Won,16800.0,2025-10-18,2025-12-10,True,53.0
D01819,Kinetic Technologies,North,Manufacturing,Trade Show,Arjun Mehta,Closed Won,5100.0,2026-05-02,2026-06-06,True,35.0
D01820,Horizon Group,West,Healthcare,Trade Show,Priya Nair,Closed Won,23700.0,2026-04-05,2026-04-18,True,13.0
D01821,Radiant Solutions,South,It Services,Referral,Arjun Mehta,Closed Lost,17700.0,2024-05-09,2024-05-30,False,21.0
D01822,Zenith Corp,North,Retail,Cold Call,Priya Nair,Proposal,6600.0,2024-11-16,,False,
D01823,Falcon Group,North,Retail,Trade Show,Arjun Mehta,Prospecting,3300.0,2026-03-08,,False,
D01824,Falcon Industries,East,Manufacturing,Cold Call,Sneha Iyer,Qualification,23700.0,2025-04-27,,False,
D01825,Bright Group,North,Finance,Partner,Priya Nair,Qualification,13100.0,2026-04-28,,False,
D01826,Alpha Technologies,West,It Services,Partner,Rohit Verma,Closed Lost,9900.0,2024-06-17,2024-08-27,False,71.0
D01827,Jupiter Technologies,West,Education,Website,Ananya Rao,Proposal,3600.0,2025-11-19,,False,
D01828,Vertex Enterprises,West,Education,Website,Priya Nair,Proposal,11400.0,2026-04-09,,False,
D01829,Pioneer Solutions,West,It Services,Partner,Kavya Reddy,Negotiation,9800.0,2026-05-12,,False,
D01830,Bright Technologies,East,It Services,Referral,Rohit Verma,Proposal,10600.0,2024-05-18,,False,
D01831,Everest Solutions,North,Education,Trade Show,Karan Malhotra,Proposal,7600.0,2024-12-01,,False,
D01832,Zenith Group,West,Finance,Referral,Karan Malhotra,Negotiation,10800.0,2026-05-17,,False,
D01833,Bright Solutions,South,Manufacturing,Cold Call,Rohit Verma,Closed Won,10700.0,2025-04-23,2025-06-19,True,57.0
D01834,Global Industries,Central,Finance,Social Media,Kavya Reddy,Prospecting,26900.0,2025-02-10,,False,
D01835,Nexus Industries,South,Manufacturing,Trade Show,Sneha Iyer,Negotiation,20000.0,2024-06-20,,False,
D01836,Global Solutions,East,Retail,Referral,Priya Nair,Qualification,4600.0,2025-09-18,,False,
D01837,Quantum Corp,Central,Manufacturing,Website,Ananya Rao,Negotiation,15100.0,2025-01-12,,False,
D01838,Falcon Corp,South,Manufacturing,Cold Call,Kavya Reddy,Qualification,15300.0,2025-07-12,,False,
D01839,Falcon Systems,West,Retail,Cold Call,Priya Nair,Closed Won,5400.0,2024-11-30,2024-12-24,True,24.0
D01840,Orbit Technologies,North,Education,Cold Call,Arjun Mehta,Qualification,8100.0,2025-04-07,,False,
D01841,Horizon Group,North,Healthcare,Social Media,Karan Malhotra,Prospecting,13200.0,2025-10-31,,False,
D01842,Delta Enterprises,Central,Finance,Social Media,Rohit Verma,Proposal,42400.0,2024-12-17,,False,
D01843,Nexus Industries,Central,Education,Social Media,Arjun Mehta,Proposal,2900.0,2026-03-24,,False,
D01844,Vertex Technologies,North,Education,Referral,Sneha Iyer,Qualification,3300.0,2024-06-27,,False,
D01845,Lumina Enterprises,North,Manufacturing,Social Media,Rohit Verma,Closed Won,22900.0,2024-07-21,2024-08-21,True,31.0
D01846,Bright Group,East,Manufacturing,Referral,Karan Malhotra,Prospecting,17400.0,2024-08-03,,False,
D01847,Global Systems,West,Retail,Cold Call,Karan Malhotra,Negotiation,11500.0,2025-07-07,,False,
D01848,Quantum Technologies,Central,It Services,Partner,Sneha Iyer,Closed Won,10100.0,2024-05-04,2024-05-18,True,14.0
D01849,Bright Group,North,It Services,Cold Call,Ananya Rao,Closed Won,16300.0,2024-06-26,2024-08-11,True,46.0
D01850,Global Industries,South,Manufacturing,Social Media,Karan Malhotra,Qualification,30300.0,2025-04-27,,False,
D01851,Bright Systems,South,It Services,Website,Rohit Verma,Closed Won,15500.0,2025-02-14,2025-04-11,True,56.0
D01852,Orbit Technologies,Central,Retail,Social Media,Kavya Reddy,Closed Lost,6900.0,2025-10-15,2025-12-06,False,52.0
D01853,Horizon Group,East,Education,Referral,Rohit Verma,Qualification,6600.0,2024-11-29,,False,
D01854,Delta Solutions,North,Education,Referral,Rohit Verma,Qualification,5100.0,2024-03-06,,False,
D01855,Crest Corp,South,It Services,Cold Call,Arjun Mehta,Closed Lost,15400.0,2025-02-23,2025-05-07,False,73.0
D01856,Summit Industries,South,Healthcare,Website,Karan Malhotra,Closed Lost,17700.0,2025-11-11,2026-02-01,False,82.0
D01857,Pioneer Group,Central,Manufacturing,Partner,Karan Malhotra,Proposal,26800.0,2026-02-13,,False,
D01858,Alpha Group,East,Retail,Website,Rohit Verma,Closed Lost,9900.0,2024-07-03,2024-07-29,False,26.0
D01859,Jupiter Group,East,Healthcare,Cold Call,Sneha Iyer,Proposal,24600.0,2025-06-29,,False,
D01860,Vertex Systems,East,It Services,Cold Call,Sneha Iyer,Prospecting,22300.0,2026-02-11,,False,
D01861,Alpha Group,East,Finance,Partner,Rohit Verma,Negotiation,45700.0,2024-07-23,,False,
D01862,Zenith Enterprises,East,It Services,Social Media,Rohit Verma,Proposal,8000.0,2024-08-01,,False,
D01863,Pioneer Technologies,North,Education,Cold Call,Ananya Rao,Closed Lost,3500.0,2024-12-27,2025-02-22,False,57.0
D01864,Radiant Enterprises,South,Retail,Trade Show,Sneha Iyer,Closed Won,6500.0,2024-12-19,2025-01-24,True,36.0
D01865,Vertex Enterprises,South,Healthcare,Website,Arjun Mehta,Closed Won,24800.0,2024-08-03,2024-09-19,True,47.0
D01866,Unity Enterprises,West,Retail,Social Media,Sneha Iyer,Proposal,8600.0,2024-08-14,,False,
D01867,Radiant Enterprises,East,Manufacturing,Website,Kavya Reddy,Qualification,11900.0,2025-09-15,,False,
D01868,Ironclad Systems,South,Retail,Referral,Arjun Mehta,Closed Won,6800.0,2026-03-26,2026-05-11,True,46.0
D01869,Bright Group,South,Finance,Cold Call,Sneha Iyer,Closed Won,46400.0,2026-04-11,2026-06-13,True,63.0
D01870,Kinetic Systems,South,It Services,Website,Karan Malhotra,Closed Lost,12300.0,2024-09-30,2024-10-16,False,16.0
D01871,Titan Industries,North,Manufacturing,Cold Call,Ananya Rao,Qualification,27300.0,2025-04-13,,False,
D01872,Orbit Group,West,Retail,Referral,Rohit Verma,Prospecting,11600.0,2024-03-30,,False,
D01873,Delta Solutions,East,Education,Referral,Kavya Reddy,Qualification,8700.0,2025-04-10,,False,
D01874,Kinetic Corp,South,Education,Website,Sneha Iyer,Negotiation,5400.0,2024-08-20,,False,
D01875,Orbit Corp,South,Retail,Cold Call,Kavya Reddy,Prospecting,7400.0,2024-08-03,,False,
D01876,Summit Systems,East,Finance,Trade Show,Arjun Mehta,Prospecting,41300.0,2025-01-19,,False,
D01877,Horizon Technologies,South,Manufacturing,Website,Vikram Shah,Prospecting,25250.0,2024-07-10,,False,
D01878,Zenith Solutions,East,Healthcare,Cold Call,Vikram Shah,Prospecting,18900.0,2026-04-11,,False,
D01879,Bright Corp,North,Education,Cold Call,Kavya Reddy,Closed Won,3000.0,2026-02-03,2026-03-20,True,45.0
D01880,Zenith Corp,West,Manufacturing,Partner,Vikram Shah,Qualification,27900.0,2025-12-23,,False,
D01881,Everest Industries,West,Retail,Referral,Priya Nair,Proposal,5500.0,2025-09-16,,False,
D01882,Everest Industries,East,Education,Referral,Vikram Shah,Qualification,1800.0,2024-07-19,,False,
D01883,Ironclad Corp,South,Retail,Social Media,Priya Nair,Proposal,8900.0,2025-10-26,,False,
D01884,Alpha Systems,North,Finance,Partner,Ananya Rao,Prospecting,20000.0,2025-02-24,,False,
D01885,Radiant Systems,Central,Education,Website,Ananya Rao,Prospecting,500.0,2026-02-05,,False,
D01886,Horizon Enterprises,North,Retail,Social Media,Karan Malhotra,Closed Lost,6400.0,2025-11-15,2026-02-16,False,93.0
D01887,Crest Technologies,North,It Services,Trade Show,Ananya Rao,Prospecting,8700.0,2024-05-28,,False,
D01888,Jupiter Technologies,North,Healthcare,Social Media,Vikram Shah,Negotiation,29700.0,2024-07-29,,False,
D01889,Quantum Solutions,North,Finance,Trade Show,Karan Malhotra,Prospecting,26400.0,2025-08-02,,False,
D01890,Nexus Enterprises,North,Retail,Trade Show,Vikram Shah,Closed Lost,11100.0,2024-04-12,2024-06-24,False,73.0
D01891,Kinetic Group,Central,Manufacturing,Cold Call,Vikram Shah,Closed Won,15300.0,2024-08-27,2024-09-26,True,30.0
D01892,Vertex Corp,East,It Services,Partner,Rohit Verma,Qualification,9200.0,2024-09-26,,False,
D01893,Alpha Group,East,Finance,Social Media,Vikram Shah,Prospecting,15800.0,2025-05-16,,False,
D01894,Global Solutions,Central,It Services,Trade Show,Karan Malhotra,Proposal,6100.0,2025-02-18,,False,
D01895,Nexus Industries,North,Education,Website,Arjun Mehta,Qualification,5500.0,2026-01-18,,False,
D01896,Radiant Corp,West,Healthcare,Social Media,Rohit Verma,Closed Won,11700.0,2024-11-23,2024-12-26,True,33.0
D01897,Pioneer Group,North,Healthcare,Social Media,Arjun Mehta,Qualification,23700.0,2026-03-04,,False,
D01898,Ironclad Group,North,It Services,Referral,Kavya Reddy,Closed Won,17900.0,2024-07-29,2024-09-05,True,38.0
D01899,Quantum Solutions,West,Finance,Referral,Priya Nair,Prospecting,41600.0,2024-11-14,,False,
D01900,Everest Enterprises,North,Healthcare,Website,Vikram Shah,Qualification,19400.0,2024-03-21,,False,
D01901,Unity Systems,South,Finance,Website,Arjun Mehta,Closed Won,25100.0,2025-07-20,2025-08-23,True,34.0
D01902,Global Technologies,South,Education,Trade Show,Priya Nair,Closed Lost,8200.0,2024-10-25,2024-11-28,False,34.0
D01903,Crest Group,South,Manufacturing,Trade Show,Priya Nair,Prospecting,10500.0,2025-07-24,,False,
D01904,Meridian Enterprises,West,Education,Website,Arjun Mehta,Negotiation,4800.0,2024-12-20,,False,
D01905,Delta Group,South,Education,Trade Show,Vikram Shah,Closed Won,5300.0,2024-05-19,2024-06-18,True,30.0
D01906,Kinetic Enterprises,East,Healthcare,Trade Show,Ananya Rao,Prospecting,24900.0,2026-05-24,,False,
D01907,Bright Solutions,East,Retail,Cold Call,Priya Nair,Closed Won,8900.0,2025-11-26,2026-01-04,True,39.0
D01908,Everest Solutions,East,Finance,Website,Kavya Reddy,Prospecting,44800.0,2024-04-22,,False,
D01909,Global Technologies,East,Education,Partner,Kavya Reddy,Prospecting,4300.0,2025-05-26,,False,
D01910,Global Solutions,West,Manufacturing,Partner,Priya Nair,Closed Lost,29800.0,2025-10-16,2025-11-17,False,32.0
D01911,Lumina Group,East,Manufacturing,Website,Sneha Iyer,Proposal,14300.0,2024-10-07,,False,
D01912,Delta Industries,Central,Retail,Cold Call,Vikram Shah,Closed Lost,5200.0,2026-04-17,2026-05-06,False,19.0
D01913,Vertex Enterprises,East,Retail,Referral,Ananya Rao,Prospecting,10200.0,2024-01-07,,False,
D01914,Delta Technologies,East,Manufacturing,Website,Ananya Rao,Closed Won,36100.0,2025-01-15,2025-03-28,True,72.0
D01915,Orbit Industries,North,Finance,Referral,Vikram Shah,Prospecting,22400.0,2024-04-24,,False,
D01916,Quantum Solutions,South,Retail,Partner,Priya Nair,Closed Won,5400.0,2026-02-07,2026-02-22,True,15.0
D01917,Pioneer Group,South,Manufacturing,Partner,Sneha Iyer,Prospecting,29800.0,2026-06-04,,False,
D01918,Ironclad Solutions,North,It Services,Website,Sneha Iyer,Qualification,23800.0,2026-04-01,,False,
D01919,Jupiter Enterprises,East,It Services,Trade Show,Vikram Shah,Negotiation,13000.0,2026-02-17,,False,
D01920,Radiant Enterprises,North,Finance,Social Media,Kavya Reddy,Closed Won,35100.0,2025-09-28,2025-11-04,True,37.0
D01921,Nexus Systems,North,Retail,Cold Call,Arjun Mehta,Prospecting,6300.0,2026-05-25,,False,
D01922,Alpha Technologies,West,Healthcare,Cold Call,Karan Malhotra,Proposal,17600.0,2024-01-08,,False,
D01923,Delta Systems,South,Manufacturing,Trade Show,Kavya Reddy,Negotiation,32000.0,2024-03-28,,False,
D01924,Lumina Technologies,North,Healthcare,Partner,Vikram Shah,Proposal,22700.0,2026-03-10,,False,
D01925,Pioneer Technologies,East,Retail,Cold Call,Ananya Rao,Prospecting,10700.0,2026-05-02,,False,
D01926,Falcon Corp,Central,Healthcare,Partner,Kavya Reddy,Closed Lost,13100.0,2024-08-10,2024-09-02,False,23.0
D01927,Quantum Group,West,Finance,Website,Arjun Mehta,Negotiation,26700.0,2024-06-27,,False,
D01928,Quantum Corp,South,Retail,Cold Call,Ananya Rao,Qualification,3400.0,2025-11-10,,False,
D01929,Crest Technologies,West,It Services,Website,Sneha Iyer,Closed Won,14500.0,2024-11-02,2024-11-22,True,20.0
D01930,Kinetic Solutions,West,Manufacturing,Cold Call,Sneha Iyer,Negotiation,19800.0,2025-04-09,,False,
D01931,Titan Enterprises,West,Education,Trade Show,Ananya Rao,Negotiation,7300.0,2026-03-18,,False,
D01932,Summit Solutions,Central,Manufacturing,Partner,Arjun Mehta,Proposal,11700.0,2024-02-20,,False,
D01933,Summit Corp,Central,Finance,Trade Show,Rohit Verma,Closed Lost,35300.0,2024-05-14,2024-09-02,False,111.0
D01934,Summit Corp,South,Education,Trade Show,Kavya Reddy,Qualification,5500.0,2025-06-07,,False,
D01935,Delta Solutions,East,Manufacturing,Cold Call,Ananya Rao,Proposal,31500.0,2025-11-18,,False,
D01936,Crest Solutions,South,Finance,Social Media,Sneha Iyer,Proposal,67200.0,2025-03-10,,False,
D01937,Bright Enterprises,East,It Services,Partner,Rohit Verma,Closed Lost,17000.0,2026-06-29,2026-06-30,False,1.0
D01938,Pioneer Enterprises,North,Education,Partner,Vikram Shah,Closed Lost,6900.0,2026-06-11,2026-06-30,False,19.0
D01939,Jupiter Technologies,North,Healthcare,Cold Call,Karan Malhotra,Negotiation,25300.0,2026-05-18,,False,
D01940,Bright Systems,East,Manufacturing,Partner,Vikram Shah,Proposal,22600.0,2025-03-29,,False,
D01941,Crest Enterprises,South,Manufacturing,Trade Show,Kavya Reddy,Prospecting,14300.0,2026-05-02,,False,
D01942,Falcon Solutions,Central,Education,Trade Show,Karan Malhotra,Closed Lost,6700.0,2024-04-16,2024-05-13,False,27.0
D01943,Summit Corp,Central,Finance,Website,Vikram Shah,Negotiation,45700.0,2024-01-19,,False,
D01944,Horizon Industries,North,Healthcare,Website,Sneha Iyer,Closed Won,15800.0,2026-02-06,2026-04-07,True,60.0
D01945,Radiant Technologies,North,Healthcare,Social Media,Ananya Rao,Closed Lost,9700.0,2025-06-14,2025-08-17,False,64.0
D01946,Vertex Enterprises,Central,It Services,Partner,Arjun Mehta,Qualification,12800.0,2026-01-06,,False,
D01947,Vertex Group,Central,Healthcare,Partner,Rohit Verma,Closed Won,7400.0,2024-09-08,2024-10-17,True,39.0
D01948,Bright Industries,North,Healthcare,Partner,Ananya Rao,Closed Won,16700.0,2025-10-12,2025-10-30,True,18.0
D01949,Global Corp,North,Finance,Partner,Kavya Reddy,Negotiation,44400.0,2024-03-17,,False,
D01950,Falcon Group,Central,It Services,Social Media,Priya Nair,Proposal,14400.0,2026-03-12,,False,
D01951,Pioneer Systems,South,Manufacturing,Trade Show,Arjun Mehta,Closed Lost,27100.0,2024-01-04,2024-02-14,False,41.0
D01952,Bright Solutions,Central,Manufacturing,Referral,Ananya Rao,Proposal,20400.0,2024-09-18,,False,
D01953,Vertex Systems,Central,Education,Trade Show,Karan Malhotra,Closed Won,6000.0,2026-05-27,2026-06-30,True,34.0
D01954,Nexus Group,South,Finance,Social Media,Arjun Mehta,Prospecting,34000.0,2025-01-31,,False,
D01955,Nexus Solutions,West,Retail,Cold Call,Karan Malhotra,Proposal,8900.0,2024-04-12,,False,
D01956,Unity Industries,East,It Services,Referral,Priya Nair,Closed Won,12100.0,2024-08-19,2024-10-31,True,73.0
D01957,Zenith Systems,North,Healthcare,Social Media,Arjun Mehta,Prospecting,13200.0,2025-12-20,,False,
D01958,Lumina Technologies,South,Education,Cold Call,Vikram Shah,Proposal,4500.0,2024-09-04,,False,
D01959,Meridian Technologies,Central,Finance,Cold Call,Rohit Verma,Closed Lost,7100.0,2025-02-14,2025-03-03,False,17.0
D01960,Falcon Technologies,Central,Retail,Website,Karan Malhotra,Closed Won,10600.0,2024-07-08,2024-08-03,True,26.0
D01961,Nexus Industries,Central,Manufacturing,Social Media,Priya Nair,Negotiation,43300.0,2025-08-19,,False,
D01962,Vertex Enterprises,South,Healthcare,Social Media,Vikram Shah,Prospecting,20000.0,2026-03-02,,False,
D01963,Zenith Technologies,Central,Retail,Social Media,Karan Malhotra,Proposal,10900.0,2025-08-14,,False,
D01964,Titan Enterprises,North,Retail,Cold Call,Rohit Verma,Closed Won,16100.0,2026-03-18,2026-03-23,True,5.0
D01965,Delta Corp,South,Healthcare,Website,Karan Malhotra,Prospecting,15600.0,2025-09-22,,False,
D01966,Meridian Solutions,North,Manufacturing,Referral,Karan Malhotra,Closed Won,39700.0,2024-08-21,2024-10-10,True,50.0
D01967,Jupiter Corp,South,Manufacturing,Website,Priya Nair,Closed Won,23100.0,2025-01-19,2025-03-07,True,47.0
D01968,Global Technologies,South,Healthcare,Social Media,Priya Nair,Closed Won,10200.0,2025-02-09,2025-04-01,True,51.0
D01969,Horizon Solutions,West,Manufacturing,Social Media,Karan Malhotra,Qualification,30600.0,2025-08-06,,False,
D01970,Alpha Industries,North,Education,Social Media,Sneha Iyer,Prospecting,2600.0,2025-08-10,,False,
D01971,Meridian Group,East,Education,Social Media,Priya Nair,Qualification,4400.0,2025-12-15,,False,
D01972,Quantum Group,South,Education,Partner,Karan Malhotra,Qualification,4700.0,2025-03-31,,False,
D01973,Titan Corp,South,Retail,Partner,Karan Malhotra,Closed Lost,15700.0,2024-07-09,2024-07-27,False,18.0
D01974,Global Systems,Central,Retail,Referral,Ananya Rao,Prospecting,12900.0,2026-03-12,,False,
D01975,Pioneer Enterprises,South,Retail,Website,Sneha Iyer,Closed Won,8300.0,2025-09-13,2025-09-27,True,14.0
D01976,Zenith Group,West,Healthcare,Partner,Arjun Mehta,Proposal,12700.0,2024-05-17,,False,
D01977,Pioneer Solutions,West,Education,Social Media,Sneha Iyer,Closed Won,8300.0,2025-08-15,2025-09-10,True,26.0
D01978,Nexus Systems,Central,Healthcare,Cold Call,Sneha Iyer,Negotiation,19300.0,2025-11-24,,False,
D01979,Jupiter Systems,West,Finance,Social Media,Ananya Rao,Proposal,45100.0,2026-05-26,,False,
D01980,Meridian Solutions,North,Healthcare,Trade Show,Rohit Verma,Closed Won,18600.0,2024-02-15,2024-03-27,True,41.0
D01981,Vertex Enterprises,East,Manufacturing,Website,Rohit Verma,Negotiation,28300.0,2025-09-08,,False,
D01982,Ironclad Enterprises,East,Finance,Website,Priya Nair,Proposal,21400.0,2024-05-17,,False,
D01983,Global Systems,West,Finance,Cold Call,Ananya Rao,Qualification,48900.0,2025-06-25,,False,
D01984,Titan Corp,Central,Finance,Social Media,Karan Malhotra,Closed Won,21000.0,2025-03-17,2025-04-28,True,42.0
D01985,Lumina Technologies,South,It Services,Partner,Kavya Reddy,Prospecting,21100.0,2024-09-26,,False,
D01986,Unity Corp,North,It Services,Trade Show,Karan Malhotra,Proposal,10100.0,2024-06-04,,False,
D01987,Ironclad Enterprises,West,Manufacturing,Referral,Arjun Mehta,Proposal,24100.0,2025-07-14,,False,
D01988,Kinetic Systems,Central,It Services,Social Media,Arjun Mehta,Closed Won,11000.0,2024-11-04,2025-01-04,True,61.0
D01989,Vertex Enterprises,West,Finance,Referral,Ananya Rao,Closed Lost,10100.0,2025-05-10,2025-07-03,False,54.0
D01990,Vertex Enterprises,Central,Retail,Social Media,Priya Nair,Closed Won,14400.0,2026-01-16,2026-04-17,True,91.0
D01991,Radiant Group,Central,Finance,Partner,Vikram Shah,Closed Won,31200.0,2026-03-19,2026-04-29,True,41.0
D01992,Global Industries,West,Retail,Partner,Vikram Shah,Qualification,7100.0,2025-08-05,,False,
D01993,Lumina Industries,West,It Services,Referral,Arjun Mehta,Negotiation,12000.0,2026-03-18,,False,
D01994,Lumina Group,South,Manufacturing,Trade Show,Kavya Reddy,Prospecting,30300.0,2026-02-10,,False,
D01995,Lumina Solutions,North,Healthcare,Social Media,Karan Malhotra,Closed Lost,32100.0,2025-11-22,2025-12-24,False,32.0
D01996,Vertex Technologies,West,It Services,Trade Show,Sneha Iyer,Negotiation,18200.0,2025-06-13,,False,
D01997,Titan Corp,West,Education,Social Media,Sneha Iyer,Closed Won,6700.0,2024-07-10,2024-07-28,True,18.0
D01998,Titan Enterprises,West,Retail,Partner,Ananya Rao,Closed Lost,14600.0,2024-11-22,2024-12-03,False,11.0
D01999,Jupiter Corp,West,Finance,Partner,Arjun Mehta,Closed Lost,21000.0,2024-09-02,2024-10-14,False,42.0
D02000,Bright Corp,North,Manufacturing,Social Media,Arjun Mehta,Prospecting,16900.0,2024-03-15,,False,
D02001,Unity Group,South,Education,Trade Show,Sneha Iyer,Negotiation,3000.0,2025-04-05,,False,
D02002,Alpha Industries,North,Education,Trade Show,Karan Malhotra,Qualification,4300.0,2024-11-06,,False,
D02003,Delta Systems,South,Finance,Trade Show,Rohit Verma,Proposal,20300.0,2024-07-15,,False,
D02004,Nexus Solutions,East,Education,Social Media,Rohit Verma,Closed Won,9800.0,2025-01-24,2025-05-05,True,101.0
D02005,Crest Enterprises,Central,Finance,Social Media,Kavya Reddy,Closed Lost,41100.0,2026-02-21,2026-04-02,False,40.0
D02006,Bright Solutions,Central,Education,Referral,Rohit Verma,Closed Lost,2600.0,2026-05-01,2026-06-22,False,52.0
D02007,Delta Industries,Central,Education,Social Media,Priya Nair,Closed Won,5200.0,2024-06-01,2024-07-16,True,45.0
D02008,Horizon Technologies,North,Retail,Website,Priya Nair,Closed Won,6300.0,2024-07-21,2024-09-07,True,48.0
D02009,Bright Systems,South,It Services,Referral,Arjun Mehta,Closed Lost,25100.0,2025-11-08,2025-11-22,False,14.0
D02010,Alpha Enterprises,East,Healthcare,Cold Call,Arjun Mehta,Closed Lost,21800.0,2025-06-08,2025-07-17,False,39.0
D02011,Kinetic Industries,West,Retail,Cold Call,Ananya Rao,Closed Lost,9900.0,2025-02-23,2025-05-18,False,84.0
D02012,Falcon Technologies,North,Manufacturing,Referral,Vikram Shah,Proposal,15200.0,2026-01-20,,False,
D02013,Jupiter Group,South,Education,Trade Show,Karan Malhotra,Qualification,5600.0,2025-07-05,,False,
D02014,Falcon Industries,West,Manufacturing,Website,Priya Nair,Prospecting,32800.0,2024-05-18,,False,
D02015,Zenith Corp,South,Retail,Trade Show,Priya Nair,Closed Won,4900.0,2024-06-09,2024-08-04,True,56.0
D02016,Crest Technologies,West,Finance,Cold Call,Arjun Mehta,Negotiation,43100.0,2025-07-20,,False,
D02017,Everest Enterprises,North,Education,Cold Call,Kavya Reddy,Proposal,5600.0,2025-05-28,,False,
D02018,Ironclad Industries,South,Finance,Website,Vikram Shah,Prospecting,13700.0,2025-08-26,,False,
D02019,Global Technologies,West,Education,Referral,Arjun Mehta,Qualification,2500.0,2026-03-06,,False,
D02020,Horizon Technologies,North,Finance,Website,Kavya Reddy,Qualification,26100.0,2024-02-03,,False,
D02021,Orbit Solutions,West,Education,Cold Call,Vikram Shah,Negotiation,4800.0,2025-02-05,,False,
D02022,Orbit Group,South,Education,Partner,Sneha Iyer,Proposal,7300.0,2024-02-25,,False,
D02023,Zenith Enterprises,Central,Retail,Cold Call,Vikram Shah,Closed Won,8500.0,2025-07-29,2025-08-08,True,10.0
D02024,Falcon Corp,West,Retail,Social Media,Priya Nair,Proposal,3100.0,2024-11-15,,False,
D02025,Meridian Solutions,Central,Retail,Social Media,Sneha Iyer,Closed Lost,11100.0,2025-12-21,2026-02-12,False,53.0
D02026,Quantum Technologies,South,Education,Social Media,Karan Malhotra,Prospecting,4800.0,2024-12-23,,False,
D02027,Horizon Group,North,Education,Social Media,Vikram Shah,Closed Won,5100.0,2024-04-12,2024-08-10,True,120.0
D02028,Bright Solutions,East,Manufacturing,Social Media,Priya Nair,Proposal,27600.0,2024-10-03,,False,
D02029,Radiant Solutions,North,Finance,Trade Show,Arjun Mehta,Closed Lost,49900.0,2024-07-07,2024-08-02,False,26.0
D02030,Unity Corp,North,Retail,Website,Kavya Reddy,Closed Won,3300.0,2025-07-02,2025-08-11,True,40.0
D02031,Crest Enterprises,Central,Manufacturing,Partner,Vikram Shah,Proposal,18300.0,2024-12-30,,False,
D02032,Global Systems,East,Retail,Trade Show,Rohit Verma,Negotiation,12400.0,2025-08-17,,False,
D02033,Summit Systems,West,Retail,Partner,Rohit Verma,Closed Lost,11800.0,2025-10-01,2025-10-21,False,20.0
D02034,Crest Systems,Central,Manufacturing,Website,Kavya Reddy,Qualification,27800.0,2026-01-14,,False,
D02035,Meridian Technologies,Central,Retail,Website,Priya Nair,Qualification,3600.0,2024-09-23,,False,
D02036,Delta Enterprises,West,Manufacturing,Cold Call,Kavya Reddy,Proposal,26900.0,2025-08-21,,False,
D02037,Unity Corp,East,Retail,Partner,Vikram Shah,Closed Lost,11600.0,2025-08-10,2025-08-25,False,15.0
D02038,Lumina Corp,South,Manufacturing,Trade Show,Sneha Iyer,Qualification,26200.0,2024-01-31,,False,
D02039,Summit Technologies,East,Healthcare,Partner,Rohit Verma,Closed Lost,14600.0,2025-12-13,2026-02-21,False,70.0
D02040,Orbit Enterprises,South,Finance,Website,Arjun Mehta,Proposal,27600.0,2024-01-08,,False,
D02041,Pioneer Industries,Central,It Services,Website,Vikram Shah,Proposal,20500.0,2026-02-12,,False,
D02042,Meridian Industries,East,Education,Partner,Kavya Reddy,Qualification,6900.0,2024-04-16,,False,
D02043,Orbit Enterprises,North,Manufacturing,Cold Call,Rohit Verma,Closed Won,27700.0,2024-12-19,2025-01-30,True,42.0
D02044,Kinetic Technologies,North,Education,Social Media,Arjun Mehta,Closed Lost,5000.0,2025-01-28,2025-04-15,False,77.0
D02045,Falcon Industries,East,Education,Referral,Ananya Rao,Negotiation,9200.0,2025-06-15,,False,
D02046,Bright Systems,West,Retail,Referral,Sneha Iyer,Qualification,3600.0,2024-06-04,,False,
D02047,Zenith Industries,Central,Education,Website,Sneha Iyer,Proposal,2100.0,2026-03-11,,False,
D02048,Alpha Group,Central,Education,Social Media,Rohit Verma,Qualification,4900.0,2026-04-20,,False,
D02049,Pioneer Technologies,Central,Healthcare,Website,Karan Malhotra,Closed Lost,13800.0,2026-03-14,2026-05-09,False,56.0
D02050,Radiant Solutions,Central,Manufacturing,Referral,Karan Malhotra,Prospecting,11700.0,2025-02-07,,False,
D02051,Summit Industries,North,It Services,Website,Rohit Verma,Closed Lost,18000.0,2024-07-26,2024-08-17,False,22.0
D02052,Quantum Technologies,East,Retail,Trade Show,Kavya Reddy,Proposal,4000.0,2025-11-03,,False,
D02053,Ironclad Solutions,West,Education,Website,Rohit Verma,Qualification,4700.0,2025-12-23,,False,
D02054,Zenith Industries,North,Retail,Partner,Ananya Rao,Qualification,1600.0,2025-05-25,,False,
D02055,Horizon Solutions,North,Finance,Trade Show,Kavya Reddy,Prospecting,25300.0,2024-05-16,,False,
D02056,Unity Systems,West,Healthcare,Referral,Arjun Mehta,Prospecting,26900.0,2024-02-07,,False,
D02057,Meridian Solutions,North,Manufacturing,Social Media,Arjun Mehta,Negotiation,4800.0,2024-05-26,,False,
D02058,Nexus Systems,North,It Services,Referral,Ananya Rao,Negotiation,14100.0,2025-03-03,,False,
D02059,Unity Systems,East,Manufacturing,Social Media,Kavya Reddy,Closed Won,13200.0,2024-08-25,2024-11-06,True,73.0
D02060,Pioneer Industries,West,Healthcare,Website,Ananya Rao,Closed Won,19200.0,2025-02-06,2025-05-13,True,96.0
D02061,Unity Solutions,Central,Finance,Website,Ananya Rao,Closed Won,8900.0,2025-08-25,2025-10-17,True,53.0
D02062,Zenith Group,North,Finance,Cold Call,Arjun Mehta,Proposal,35200.0,2025-03-21,,False,
D02063,Global Systems,South,It Services,Website,Vikram Shah,Proposal,9100.0,2024-10-15,,False,
D02064,Horizon Group,North,Manufacturing,Partner,Kavya Reddy,Proposal,13400.0,2024-01-27,,False,
D02065,Radiant Solutions,West,Education,Website,Vikram Shah,Qualification,7300.0,2024-09-15,,False,
D02066,Delta Technologies,South,Healthcare,Trade Show,Rohit Verma,Closed Won,17400.0,2025-06-25,2025-09-11,True,78.0
D02067,Quantum Group,North,Finance,Website,Karan Malhotra,Closed Lost,30600.0,2024-10-31,2025-01-04,False,65.0
D02068,Crest Solutions,South,Education,Cold Call,Sneha Iyer,Closed Won,6000.0,2025-08-18,2025-09-03,True,16.0
D02069,Jupiter Enterprises,South,Retail,Website,Kavya Reddy,Proposal,8700.0,2024-07-04,,False,
D02070,Radiant Industries,North,Finance,Referral,Kavya Reddy,Closed Won,45800.0,2025-05-30,2025-06-25,True,26.0
D02071,Bright Group,West,Manufacturing,Social Media,Ananya Rao,Closed Lost,39100.0,2025-04-09,2025-05-26,False,47.0
D02072,Lumina Solutions,West,Healthcare,Partner,Ananya Rao,Qualification,16500.0,2024-11-03,,False,
D02073,Radiant Systems,South,Retail,Trade Show,Karan Malhotra,Closed Won,8300.0,2025-09-22,2025-10-15,True,23.0
D02074,Zenith Enterprises,North,It Services,Trade Show,Arjun Mehta,Qualification,19900.0,2026-02-19,,False,
D02075,Quantum Systems,Central,Finance,Partner,Sneha Iyer,Qualification,17700.0,2024-09-20,,False,
D02076,Kinetic Industries,South,It Services,Website,Kavya Reddy,Closed Lost,23000.0,2024-02-15,2024-05-10,False,85.0
D02077,Delta Enterprises,West,Manufacturing,Website,Kavya Reddy,Proposal,11300.0,2024-09-24,,False,
D02078,Radiant Systems,East,Retail,Trade Show,Sneha Iyer,Closed Lost,10800.0,2024-02-19,2024-04-14,False,55.0
D02079,Kinetic Solutions,West,Retail,Trade Show,Sneha Iyer,Proposal,6500.0,2025-02-02,,False,
D02080,Nexus Technologies,South,Education,Partner,Arjun Mehta,Negotiation,5000.0,2025-01-23,,False,
D02081,Vertex Systems,North,Finance,Website,Ananya Rao,Negotiation,6600.0,2025-06-23,,False,
D02082,Quantum Technologies,West,It Services,Cold Call,Sneha Iyer,Closed Lost,19800.0,2025-02-06,2025-03-15,False,37.0
D02083,Vertex Technologies,South,Finance,Social Media,Ananya Rao,Qualification,37800.0,2026-06-19,,False,
D02084,Falcon Systems,East,Retail,Cold Call,Arjun Mehta,Prospecting,11200.0,2025-07-11,,False,
D02085,Nexus Technologies,North,It Services,Cold Call,Ananya Rao,Negotiation,16100.0,2025-04-27,,False,
D02086,Jupiter Industries,North,Education,Website,Sneha Iyer,Qualification,500.0,2024-08-06,,False,
D02087,Nexus Industries,West,Healthcare,Referral,Priya Nair,Prospecting,19900.0,2024-04-09,,False,
D02088,Alpha Solutions,South,Healthcare,Cold Call,Rohit Verma,Negotiation,12400.0,2025-05-09,,False,
D02089,Meridian Industries,Central,Manufacturing,Referral,Kavya Reddy,Closed Won,28100.0,2026-01-03,2026-03-01,True,57.0
D02090,Quantum Technologies,North,Finance,Social Media,Vikram Shah,Closed Won,51900.0,2025-03-14,2025-04-22,True,39.0
D02091,Jupiter Solutions,North,Manufacturing,Trade Show,Rohit Verma,Proposal,29200.0,2025-12-14,,False,
D02092,Meridian Technologies,East,It Services,Social Media,Karan Malhotra,Closed Won,13800.0,2025-05-15,2025-08-25,True,102.0
D02093,Delta Technologies,East,Finance,Partner,Arjun Mehta,Prospecting,27000.0,2024-07-03,,False,
D02094,Orbit Group,West,Manufacturing,Partner,Ananya Rao,Negotiation,41200.0,2025-05-10,,False,
D02095,Crest Industries,East,Finance,Trade Show,Ananya Rao,Negotiation,39100.0,2024-02-08,,False,
D02096,Delta Technologies,East,Retail,Partner,Kavya Reddy,Qualification,5700.0,2024-04-20,,False,
D02097,Horizon Solutions,Central,Retail,Cold Call,Arjun Mehta,Proposal,11400.0,2026-05-10,,False,
D02098,Jupiter Group,South,Retail,Referral,Kavya Reddy,Proposal,7500.0,2025-11-01,,False,
D02099,Global Group,North,Retail,Website,Sneha Iyer,Negotiation,4600.0,2024-08-31,,False,
D02100,Falcon Systems,East,Healthcare,Cold Call,Arjun Mehta,Qualification,11100.0,2024-09-22,,False,
D02101,Quantum Group,East,Retail,Cold Call,Arjun Mehta,Negotiation,10700.0,2024-06-24,,False,
D02102,Zenith Industries,East,Manufacturing,Cold Call,Arjun Mehta,Qualification,12200.0,2026-01-15,,False,
D02103,Pioneer Corp,South,Retail,Referral,Kavya Reddy,Qualification,10300.0,2024-10-03,,False,
D02104,Horizon Technologies,West,Education,Trade Show,Karan Malhotra,Prospecting,5800.0,2025-08-07,,False,
D02105,Jupiter Corp,West,Manufacturing,Referral,Priya Nair,Negotiation,24700.0,2025-07-26,,False,
D02106,Nexus Systems,West,Manufacturing,Referral,Vikram Shah,Negotiation,18500.0,2024-07-27,,False,
D02107,Radiant Systems,South,Finance,Social Media,Sneha Iyer,Proposal,28200.0,2026-05-08,,False,
D02108,Titan Group,Central,Healthcare,Partner,Ananya Rao,Closed Won,27200.0,2024-05-21,2024-07-11,True,51.0
D02109,Delta Group,North,Healthcare,Trade Show,Ananya Rao,Proposal,16800.0,2025-01-26,,False,
D02110,Global Corp,North,It Services,Social Media,Arjun Mehta,Closed Lost,23000.0,2025-07-16,2025-08-04,False,19.0
D02111,Zenith Solutions,Central,Finance,Trade Show,Arjun Mehta,Negotiation,27800.0,2024-01-11,,False,
D02112,Global Corp,East,Manufacturing,Trade Show,Karan Malhotra,Closed Lost,25200.0,2025-09-30,2025-11-02,False,33.0
D02113,Ironclad Systems,South,Retail,Cold Call,Kavya Reddy,Negotiation,10200.0,2025-04-08,,False,
D02114,Crest Group,North,Manufacturing,Website,Rohit Verma,Qualification,28900.0,2024-12-01,,False,
D02115,Vertex Corp,Central,Retail,Referral,Ananya Rao,Prospecting,10400.0,2024-10-31,,False,
D02116,Lumina Enterprises,West,It Services,Website,Arjun Mehta,Negotiation,15800.0,2025-07-27,,False,
D02117,Jupiter Group,South,Education,Website,Priya Nair,Closed Lost,4700.0,2026-04-15,2026-05-12,False,27.0
D02118,Vertex Technologies,Central,It Services,Cold Call,Rohit Verma,Closed Won,10900.0,2026-05-05,2026-05-22,True,17.0
D02119,Orbit Systems,North,Finance,Partner,Priya Nair,Closed Won,29900.0,2024-08-15,2024-10-09,True,55.0
D02120,Zenith Industries,Central,Finance,Trade Show,Karan Malhotra,Closed Won,49100.0,2025-04-05,2025-06-11,True,67.0
D02121,Alpha Solutions,West,Manufacturing,Partner,Arjun Mehta,Qualification,31400.0,2025-10-11,,False,
D02122,Everest Industries,West,Manufacturing,Cold Call,Vikram Shah,Qualification,20800.0,2024-07-12,,False,
D02123,Delta Corp,West,Education,Website,Rohit Verma,Closed Lost,6000.0,2024-03-23,2024-05-01,False,39.0
D02124,Lumina Solutions,West,Education,Cold Call,Arjun Mehta,Closed Won,6000.0,2024-09-17,2024-11-08,True,52.0
D02125,Meridian Enterprises,West,Finance,Social Media,Ananya Rao,Qualification,23700.0,2026-06-10,,False,
D02126,Summit Corp,North,Finance,Partner,Kavya Reddy,Qualification,25400.0,2025-04-26,,False,
D02127,Ironclad Group,South,Manufacturing,Social Media,Rohit Verma,Qualification,50600.0,2025-10-06,,False,
D02128,Quantum Solutions,West,Manufacturing,Trade Show,Vikram Shah,Qualification,16800.0,2026-05-23,,False,
D02129,Falcon Technologies,West,It Services,Website,Kavya Reddy,Closed Lost,5800.0,2024-02-19,2024-03-13,False,23.0
D02130,Everest Enterprises,West,Retail,Social Media,Karan Malhotra,Prospecting,6100.0,2026-06-21,,False,
D02131,Jupiter Group,Central,Finance,Partner,Sneha Iyer,Qualification,16500.0,2025-11-21,,False,
D02132,Quantum Industries,West,Manufacturing,Referral,Priya Nair,Qualification,10500.0,2025-08-30,,False,
D02133,Ironclad Solutions,North,Finance,Trade Show,Ananya Rao,Prospecting,27900.0,2025-04-21,,False,
D02134,Radiant Corp,East,Manufacturing,Social Media,Karan Malhotra,Qualification,35200.0,2024-01-16,,False,
D02135,Global Enterprises,West,Finance,Social Media,Sneha Iyer,Qualification,26000.0,2025-03-29,,False,
D02136,Meridian Systems,South,It Services,Referral,Rohit Verma,Closed Lost,7200.0,2024-04-30,2024-05-23,False,23.0
D02137,Bright Group,Central,It Services,Website,Rohit Verma,Negotiation,13100.0,2024-09-09,,False,
D02138,Vertex Corp,Central,Education,Partner,Rohit Verma,Closed Won,7800.0,2026-01-21,2026-03-02,True,40.0
D02139,Global Corp,Central,Finance,Social Media,Kavya Reddy,Closed Won,21500.0,2024-02-01,2024-02-17,True,16.0
D02140,Jupiter Solutions,South,Education,Social Media,Rohit Verma,Closed Won,7700.0,2024-03-25,2024-07-31,True,128.0
D02141,Global Group,North,Healthcare,Website,Sneha Iyer,Negotiation,23300.0,2026-01-05,,False,
D02142,Titan Corp,South,Healthcare,Social Media,Vikram Shah,Closed Lost,17100.0,2024-04-10,2024-05-01,False,21.0
D02143,Quantum Corp,North,Retail,Partner,Ananya Rao,Qualification,6900.0,2025-11-28,,False,
D02144,Crest Solutions,South,Manufacturing,Social Media,Ananya Rao,Prospecting,37500.0,2024-10-27,,False,
D02145,Pioneer Systems,Central,Education,Referral,Kavya Reddy,Qualification,9100.0,2024-08-22,,False,
D02146,Delta Systems,West,Retail,Referral,Karan Malhotra,Proposal,3000.0,2024-04-21,,False,
D02147,Everest Industries,North,Finance,Trade Show,Arjun Mehta,Prospecting,19000.0,2024-08-18,,False,
D02148,Titan Systems,East,Healthcare,Cold Call,Priya Nair,Negotiation,23500.0,2026-05-20,,False,
D02149,Summit Enterprises,South,Retail,Website,Ananya Rao,Qualification,10500.0,2024-02-07,,False,
D02150,Quantum Industries,East,Manufacturing,Referral,Rohit Verma,Qualification,42900.0,2025-01-15,,False,
D02151,Orbit Group,West,Education,Cold Call,Rohit Verma,Prospecting,1300.0,2024-05-09,,False,
D02152,Ironclad Technologies,East,Finance,Referral,Rohit Verma,Closed Lost,20800.0,2025-12-16,2026-01-12,False,27.0
D02153,Everest Enterprises,Central,Retail,Partner,Karan Malhotra,Prospecting,11300.0,2025-06-05,,False,
D02154,Vertex Group,West,Manufacturing,Social Media,Karan Malhotra,Negotiation,27000.0,2025-07-18,,False,
D02155,Orbit Corp,West,Healthcare,Trade Show,Sneha Iyer,Closed Won,20900.0,2025-10-27,2025-12-05,True,39.0
D02156,Horizon Corp,North,Finance,Partner,Kavya Reddy,Negotiation,26000.0,2025-02-27,,False,
D02157,Titan Enterprises,West,Retail,Trade Show,Sneha Iyer,Prospecting,4400.0,2024-02-24,,False,
D02158,Falcon Group,North,It Services,Website,Ananya Rao,Qualification,15800.0,2026-01-26,,False,
D02159,Jupiter Systems,Central,Manufacturing,Referral,Kavya Reddy,Closed Lost,500.0,2026-01-13,2026-01-18,False,5.0
D02160,Bright Industries,North,Education,Cold Call,Sneha Iyer,Prospecting,3900.0,2025-05-01,,False,
D02161,Bright Industries,North,Retail,Cold Call,Arjun Mehta,Closed Lost,9700.0,2025-02-08,2025-03-19,False,39.0
D02162,Orbit Group,Central,Manufacturing,Trade Show,Rohit Verma,Qualification,19100.0,2025-10-20,,False,
D02163,Jupiter Group,West,It Services,Trade Show,Kavya Reddy,Closed Won,14500.0,2025-08-21,2025-09-26,True,36.0
D02164,Horizon Industries,South,Finance,Partner,Sneha Iyer,Proposal,45100.0,2025-10-28,,False,
D02165,Titan Solutions,North,It Services,Social Media,Priya Nair,Closed Lost,28100.0,2024-12-23,2025-01-06,False,14.0
D02166,Jupiter Group,South,Manufacturing,Website,Karan Malhotra,Closed Won,32200.0,2025-12-16,2026-02-03,True,49.0
D02167,Delta Solutions,Central,Healthcare,Website,Karan Malhotra,Prospecting,31100.0,2024-05-04,,False,
D02168,Global Solutions,East,Healthcare,Partner,Karan Malhotra,Negotiation,20300.0,2024-11-26,,False,
D02169,Jupiter Group,West,Retail,Referral,Karan Malhotra,Prospecting,6300.0,2024-05-22,,False,
D02170,Zenith Technologies,East,It Services,Referral,Kavya Reddy,Closed Lost,15100.0,2025-07-06,2025-07-20,False,14.0
D02171,Vertex Enterprises,North,Retail,Website,Karan Malhotra,Closed Won,6900.0,2025-05-03,2025-05-22,True,19.0
D02172,Delta Solutions,West,Education,Website,Rohit Verma,Negotiation,6700.0,2025-08-05,,False,
D02173,Meridian Systems,West,Retail,Cold Call,Sneha Iyer,Closed Lost,10100.0,2024-05-12,2024-07-25,False,74.0
D02174,Radiant Industries,Central,Manufacturing,Website,Sneha Iyer,Qualification,13100.0,2025-09-25,,False,
D02175,Crest Corp,West,Retail,Referral,Arjun Mehta,Closed Won,5800.0,2026-04-20,2026-05-07,True,17.0
D02176,Falcon Corp,South,Retail,Cold Call,Sneha Iyer,Qualification,8300.0,2025-11-07,,False,
D02177,Nexus Enterprises,Central,Healthcare,Cold Call,Karan Malhotra,Prospecting,23600.0,2025-03-25,,False,
D02178,Bright Group,South,Finance,Social Media,Ananya Rao,Negotiation,32700.0,2025-04-13,,False,
D02179,Lumina Enterprises,South,Manufacturing,Partner,Karan Malhotra,Prospecting,33000.0,2025-08-09,,False,
D02180,Titan Systems,East,Education,Referral,Sneha Iyer,Negotiation,3100.0,2024-09-21,,False,
D02181,Pioneer Systems,Central,Healthcare,Social Media,Vikram Shah,Qualification,9600.0,2025-10-24,,False,
D02182,Unity Enterprises,East,Retail,Social Media,Arjun Mehta,Closed Won,8000.0,2024-08-02,2024-08-12,True,10.0
D02183,Horizon Solutions,East,It Services,Trade Show,Ananya Rao,Closed Lost,22600.0,2026-06-01,2026-06-28,False,27.0
D02184,Delta Technologies,East,Retail,Referral,Ananya Rao,Closed Won,8700.0,2024-04-19,2024-05-16,True,27.0
D02185,Orbit Technologies,Central,Education,Cold Call,Ananya Rao,Qualification,3900.0,2024-03-08,,False,
D02186,Titan Enterprises,North,Manufacturing,Partner,Rohit Verma,Qualification,24600.0,2025-03-22,,False,
D02187,Titan Solutions,North,It Services,Social Media,Rohit Verma,Closed Won,4200.0,2025-11-19,2025-12-23,True,34.0
D02188,Radiant Corp,North,Education,Trade Show,Ananya Rao,Proposal,8400.0,2024-12-23,,False,
D02189,Vertex Group,North,Healthcare,Referral,Karan Malhotra,Proposal,18900.0,2024-06-19,,False,
D02190,Everest Corp,North,Education,Partner,Vikram Shah,Proposal,4500.0,2026-04-19,,False,
D02191,Meridian Systems,Central,Retail,Partner,Vikram Shah,Qualification,8500.0,2024-04-04,,False,
D02192,Lumina Group,South,It Services,Referral,Rohit Verma,Prospecting,10800.0,2026-06-28,,False,
D02193,Jupiter Systems,South,Healthcare,Social Media,Kavya Reddy,Proposal,17400.0,2024-03-08,,False,
D02194,Delta Systems,West,Education,Partner,Karan Malhotra,Prospecting,8900.0,2025-06-16,,False,
D02195,Horizon Group,West,Education,Partner,Rohit Verma,Proposal,6200.0,2025-11-28,,False,
D02196,Orbit Enterprises,North,Education,Website,Karan Malhotra,Qualification,8600.0,2024-03-17,,False,
D02197,Ironclad Systems,North,Healthcare,Trade Show,Karan Malhotra,Closed Won,28500.0,2025-11-28,2026-01-15,True,48.0
D02198,Alpha Group,West,Retail,Social Media,Priya Nair,Closed Lost,7900.0,2025-06-26,2025-06-30,False,4.0
D02199,Orbit Solutions,West,Retail,Website,Sneha Iyer,Proposal,6000.0,2026-02-03,,False,
D02200,Vertex Systems,South,Manufacturing,Social Media,Kavya Reddy,Proposal,32900.0,2024-01-24,,False,
D02201,Unity Technologies,West,Manufacturing,Referral,Vikram Shah,Proposal,36200.0,2025-11-07,,False,
D02202,Quantum Solutions,West,Finance,Cold Call,Vikram Shah,Negotiation,26500.0,2024-05-09,,False,
D02203,Lumina Corp,East,Finance,Trade Show,Arjun Mehta,Closed Won,16200.0,2025-09-19,2025-11-20,True,62.0
D02204,Nexus Technologies,Central,It Services,Cold Call,Karan Malhotra,Prospecting,10400.0,2024-08-18,,False,
D02205,Crest Industries,South,Healthcare,Trade Show,Kavya Reddy,Proposal,16700.0,2024-03-22,,False,
D02206,Jupiter Solutions,East,It Services,Partner,Rohit Verma,Closed Lost,14800.0,2025-01-08,2025-03-11,False,62.0
D02207,Quantum Solutions,Central,Manufacturing,Website,Karan Malhotra,Closed Won,13100.0,2024-02-17,2024-03-28,True,40.0
D02208,Global Solutions,Central,Retail,Social Media,Vikram Shah,Negotiation,12500.0,2024-01-29,,False,
D02209,Titan Group,Central,It Services,Trade Show,Kavya Reddy,Proposal,14200.0,2025-09-20,,False,
D02210,Delta Solutions,South,It Services,Website,Arjun Mehta,Negotiation,500.0,2025-09-17,,False,
D02211,Unity Enterprises,North,Manufacturing,Partner,Kavya Reddy,Qualification,7300.0,2024-02-07,,False,
D02212,Vertex Technologies,West,It Services,Cold Call,Sneha Iyer,Qualification,19100.0,2025-07-08,,False,
D02213,Jupiter Industries,Central,Retail,Cold Call,Arjun Mehta,Closed Lost,7000.0,2024-04-21,2024-06-02,False,42.0
D02214,Jupiter Industries,West,Education,Partner,Kavya Reddy,Proposal,6100.0,2024-11-22,,False,
D02215,Zenith Enterprises,West,Education,Partner,Vikram Shah,Proposal,6700.0,2026-01-29,,False,
D02216,Everest Systems,North,Manufacturing,Partner,Kavya Reddy,Proposal,4800.0,2025-11-09,,False,
D02217,Vertex Solutions,North,Healthcare,Social Media,Rohit Verma,Prospecting,18500.0,2024-02-20,,False,
D02218,Nexus Solutions,South,Healthcare,Social Media,Priya Nair,Qualification,30100.0,2025-11-08,,False,
D02219,Ironclad Systems,North,Education,Referral,Arjun Mehta,Qualification,4900.0,2024-03-01,,False,
D02220,Falcon Industries,East,Education,Referral,Sneha Iyer,Qualification,4000.0,2024-10-23,,False,
D02221,Falcon Systems,West,Healthcare,Website,Kavya Reddy,Prospecting,8400.0,2025-03-24,,False,
D02222,Crest Enterprises,West,Healthcare,Trade Show,Karan Malhotra,Closed Lost,28500.0,2025-12-01,2025-12-14,False,13.0
D02223,Quantum Systems,East,Healthcare,Referral,Priya Nair,Prospecting,27500.0,2024-05-01,,False,
D02224,Lumina Technologies,South,Education,Website,Ananya Rao,Qualification,4100.0,2026-04-24,,False,
D02225,Unity Enterprises,North,Manufacturing,Cold Call,Rohit Verma,Qualification,12100.0,2024-03-20,,False,
D02226,Ironclad Industries,West,Healthcare,Social Media,Arjun Mehta,Proposal,24600.0,2025-05-17,,False,
D02227,Orbit Solutions,North,Manufacturing,Website,Arjun Mehta,Qualification,28700.0,2025-02-23,,False,
D02228,Zenith Technologies,West,Education,Cold Call,Ananya Rao,Closed Lost,5000.0,2024-08-14,2024-11-05,False,83.0
D02229,Vertex Technologies,North,Retail,Cold Call,Ananya Rao,Proposal,6200.0,2025-05-15,,False,
D02230,Bright Solutions,Central,Finance,Cold Call,Sneha Iyer,Qualification,23900.0,2026-06-11,,False,
D02231,Crest Systems,West,Healthcare,Website,Rohit Verma,Negotiation,13700.0,2025-12-11,,False,
D02232,Bright Solutions,East,Manufacturing,Cold Call,Vikram Shah,Negotiation,29300.0,2026-01-31,,False,
D02233,Nexus Industries,West,Healthcare,Website,Vikram Shah,Proposal,22700.0,2024-05-30,,False,
D02234,Global Industries,South,Manufacturing,Referral,Karan Malhotra,Proposal,39100.0,2025-06-27,,False,
D02235,Kinetic Group,West,Manufacturing,Trade Show,Ananya Rao,Negotiation,38200.0,2024-11-19,,False,
D02236,Pioneer Group,South,It Services,Referral,Rohit Verma,Negotiation,28600.0,2025-12-04,,False,
D02237,Alpha Enterprises,North,Manufacturing,Social Media,Karan Malhotra,Qualification,27500.0,2025-06-03,,False,
D02238,Jupiter Solutions,South,Education,Social Media,Rohit Verma,Negotiation,3300.0,2025-03-13,,False,
D02239,Crest Industries,East,It Services,Referral,Rohit Verma,Qualification,14100.0,2024-12-25,,False,
D02240,Zenith Systems,East,Education,Trade Show,Vikram Shah,Proposal,6600.0,2026-04-17,,False,
D02241,Vertex Industries,North,It Services,Referral,Rohit Verma,Closed Won,18500.0,2025-10-27,2025-12-28,True,62.0
D02242,Vertex Systems,West,Finance,Partner,Priya Nair,Negotiation,22200.0,2026-02-02,,False,
D02243,Kinetic Enterprises,South,Manufacturing,Referral,Kavya Reddy,Proposal,19400.0,2026-02-03,,False,
D02244,Jupiter Technologies,North,Healthcare,Referral,Karan Malhotra,Prospecting,13600.0,2025-07-12,,False,
D02245,Pioneer Systems,South,Finance,Partner,Vikram Shah,Qualification,38900.0,2024-08-30,,False,
D02246,Ironclad Solutions,Central,Retail,Social Media,Kavya Reddy,Closed Won,7500.0,2025-09-12,2025-12-17,True,96.0
D02247,Bright Group,North,Finance,Referral,Priya Nair,Qualification,33500.0,2024-03-17,,False,
D02248,Titan Corp,East,Education,Cold Call,Vikram Shah,Closed Lost,3700.0,2025-01-28,2025-03-31,False,62.0
D02249,Falcon Systems,South,It Services,Social Media,Arjun Mehta,Closed Won,16100.0,2024-01-23,2024-02-04,True,12.0
D02250,Global Solutions,West,Finance,Referral,Vikram Shah,Closed Lost,25000.0,2024-03-21,2024-04-06,False,16.0
D02251,Delta Corp,East,Retail,Website,Rohit Verma,Proposal,7300.0,2024-04-27,,False,
D02252,Summit Solutions,West,It Services,Website,Priya Nair,Proposal,15200.0,2024-11-11,,False,
D02253,Quantum Corp,North,Retail,Website,Priya Nair,Closed Lost,8100.0,2025-07-23,2025-09-20,False,59.0
D02254,Bright Technologies,Central,It Services,Trade Show,Karan Malhotra,Qualification,10700.0,2024-10-31,,False,
D02255,Delta Solutions,West,Manufacturing,Trade Show,Kavya Reddy,Prospecting,21000.0,2025-02-08,,False,
D02256,Everest Systems,North,Retail,Cold Call,Kavya Reddy,Closed Won,9800.0,2025-07-27,2025-09-06,True,41.0
D02257,Quantum Group,Central,Education,Social Media,Ananya Rao,Prospecting,7700.0,2025-06-09,,False,
D02258,Nexus Systems,North,Retail,Referral,Ananya Rao,Proposal,6300.0,2024-08-28,,False,
D02259,Quantum Group,Central,Education,Referral,Vikram Shah,Proposal,8000.0,2025-09-06,,False,
D02260,Orbit Group,Central,Healthcare,Trade Show,Kavya Reddy,Qualification,23100.0,2024-02-27,,False,
D02261,Kinetic Industries,North,It Services,Cold Call,Rohit Verma,Qualification,15600.0,2025-10-01,,False,
D02262,Global Technologies,West,Manufacturing,Social Media,Vikram Shah,Qualification,36100.0,2026-06-17,,False,
D02263,Horizon Systems,North,It Services,Trade Show,Priya Nair,Prospecting,11400.0,2024-04-05,,False,
D02264,Horizon Group,Central,It Services,Partner,Sneha Iyer,Proposal,2700.0,2024-12-19,,False,
D02265,Unity Systems,Central,Finance,Cold Call,Kavya Reddy,Qualification,21300.0,2026-05-06,,False,
D02266,Global Enterprises,South,Healthcare,Social Media,Vikram Shah,Closed Lost,19200.0,2025-12-01,2026-01-22,False,52.0
D02267,Zenith Solutions,East,Healthcare,Referral,Kavya Reddy,Qualification,14100.0,2025-02-03,,False,
D02268,Crest Corp,South,Healthcare,Cold Call,Rohit Verma,Negotiation,29700.0,2024-08-23,,False,
D02269,Zenith Solutions,North,It Services,Social Media,Kavya Reddy,Qualification,6200.0,2026-06-16,,False,
D02270,Global Corp,Central,Manufacturing,Cold Call,Sneha Iyer,Qualification,11100.0,2026-06-08,,False,
D02271,Summit Systems,West,Manufacturing,Website,Ananya Rao,Proposal,22800.0,2025-08-02,,False,
D02272,Lumina Group,South,It Services,Website,Vikram Shah,Closed Won,16300.0,2024-08-26,2024-09-21,True,26.0
D02273,Zenith Solutions,West,Healthcare,Partner,Vikram Shah,Proposal,16800.0,2025-11-29,,False,
D02274,Falcon Solutions,East,Finance,Cold Call,Karan Malhotra,Closed Won,14400.0,2026-01-17,2026-03-13,True,55.0
D02275,Zenith Corp,West,Healthcare,Website,Sneha Iyer,Proposal,20000.0,2024-03-28,,False,
D02276,Pioneer Corp,West,Manufacturing,Referral,Ananya Rao,Qualification,17800.0,2024-01-10,,False,
D02277,Orbit Industries,South,Education,Partner,Vikram Shah,Prospecting,7200.0,2025-07-18,,False,
D02278,Jupiter Systems,North,It Services,Trade Show,Karan Malhotra,Prospecting,12900.0,2024-04-23,,False,
D02279,Alpha Corp,East,Manufacturing,Social Media,Karan Malhotra,Qualification,28000.0,2025-03-11,,False,
D02280,Alpha Systems,North,Education,Cold Call,Ananya Rao,Closed Lost,5200.0,2026-03-12,2026-06-30,False,110.0
D02281,Vertex Corp,West,It Services,Trade Show,Priya Nair,Negotiation,11100.0,2025-08-08,,False,
D02282,Everest Enterprises,South,Finance,Partner,Rohit Verma,Closed Won,17500.0,2026-02-23,2026-03-22,True,27.0
D02283,Kinetic Enterprises,South,It Services,Social Media,Ananya Rao,Qualification,22600.0,2024-02-16,,False,
D02284,Everest Systems,East,Finance,Referral,Ananya Rao,Proposal,29200.0,2024-09-30,,False,
D02285,Summit Enterprises,Central,Education,Trade Show,Karan Malhotra,Qualification,8000.0,2025-10-23,,False,
D02286,Ironclad Technologies,South,Retail,Social Media,Arjun Mehta,Qualification,8400.0,2025-11-11,,False,
D02287,Jupiter Systems,Central,Retail,Partner,Ananya Rao,Proposal,10300.0,2024-12-17,,False,
D02288,Nexus Corp,West,Healthcare,Website,Sneha Iyer,Closed Lost,15100.0,2025-07-13,2025-08-30,False,48.0
D02289,Titan Technologies,North,Healthcare,Partner,Sneha Iyer,Prospecting,25000.0,2024-12-05,,False,
D02290,Meridian Corp,North,Manufacturing,Partner,Vikram Shah,Closed Won,28800.0,2024-05-12,2024-05-21,True,9.0
D02291,Pioneer Group,Central,Retail,Cold Call,Sneha Iyer,Closed Won,10600.0,2024-12-05,2024-12-30,True,25.0
D02292,Horizon Solutions,South,Manufacturing,Website,Kavya Reddy,Qualification,25000.0,2024-04-01,,False,
D02293,Kinetic Technologies,North,Retail,Partner,Kavya Reddy,Prospecting,15100.0,2026-03-07,,False,
D02294,Kinetic Solutions,South,It Services,Referral,Priya Nair,Closed Won,16400.0,2025-02-26,2025-04-18,True,51.0
D02295,Crest Group,East,It Services,Partner,Vikram Shah,Negotiation,15900.0,2024-09-12,,False,
D02296,Kinetic Group,South,Healthcare,Trade Show,Kavya Reddy,Closed Lost,27200.0,2024-05-13,2024-05-26,False,13.0
D02297,Vertex Corp,North,Finance,Website,Rohit Verma,Proposal,25500.0,2024-07-09,,False,
D02298,Falcon Group,Central,Finance,Social Media,Priya Nair,Qualification,28200.0,2026-05-22,,False,
D02299,Falcon Corp,Central,Healthcare,Website,Sneha Iyer,Closed Won,18100.0,2026-03-10,2026-03-30,True,20.0
D02300,Meridian Corp,East,Manufacturing,Cold Call,Karan Malhotra,Qualification,13200.0,2024-10-13,,False,
D02301,Jupiter Group,North,Manufacturing,Partner,Rohit Verma,Negotiation,26000.0,2026-03-05,,False,
D02302,Global Group,East,Healthcare,Partner,Kavya Reddy,Closed Lost,21700.0,2026-05-05,2026-06-23,False,49.0
D02303,Summit Enterprises,Central,Finance,Referral,Priya Nair,Qualification,29100.0,2025-03-30,,False,
D02304,Vertex Solutions,West,Healthcare,Cold Call,Karan Malhotra,Closed Won,33400.0,2025-10-20,2025-11-16,True,27.0
D02305,Global Enterprises,Central,Retail,Cold Call,Rohit Verma,Qualification,7100.0,2025-11-19,,False,
D02306,Radiant Solutions,West,Manufacturing,Website,Kavya Reddy,Qualification,14100.0,2025-01-24,,False,
D02307,Vertex Systems,Central,It Services,Trade Show,Priya Nair,Qualification,23600.0,2025-01-14,,False,
D02308,Global Systems,Central,Education,Website,Rohit Verma,Closed Won,3800.0,2024-09-13,2024-09-26,True,13.0
D02309,Falcon Systems,West,It Services,Trade Show,Ananya Rao,Closed Won,13100.0,2025-06-26,2025-09-23,True,89.0
D02310,Horizon Enterprises,East,Manufacturing,Partner,Priya Nair,Prospecting,28300.0,2024-12-22,,False,
D02311,Global Solutions,Central,Education,Website,Arjun Mehta,Closed Won,10100.0,2024-04-16,2024-06-06,True,51.0
D02312,Bright Systems,East,Finance,Trade Show,Priya Nair,Negotiation,34300.0,2025-09-02,,False,
D02313,Ironclad Solutions,South,Healthcare,Partner,Priya Nair,Qualification,9200.0,2025-06-09,,False,
D02314,Jupiter Group,North,It Services,Trade Show,Rohit Verma,Proposal,21600.0,2025-08-30,,False,
D02315,Pioneer Group,North,Education,Trade Show,Priya Nair,Qualification,7400.0,2024-01-03,,False,
D02316,Orbit Systems,South,Manufacturing,Social Media,Karan Malhotra,Proposal,22100.0,2024-11-03,,False,
D02317,Titan Corp,North,It Services,Social Media,Kavya Reddy,Proposal,12600.0,2024-12-26,,False,
D02318,Horizon Corp,East,It Services,Cold Call,Kavya Reddy,Proposal,20200.0,2025-08-18,,False,
D02319,Everest Technologies,West,Finance,Trade Show,Kavya Reddy,Qualification,11800.0,2024-11-01,,False,
D02320,Jupiter Enterprises,West,Manufacturing,Trade Show,Rohit Verma,Closed Won,15800.0,2024-12-17,2025-01-18,True,32.0
D02321,Falcon Enterprises,South,Healthcare,Social Media,Ananya Rao,Prospecting,27900.0,2024-04-03,,False,
D02322,Lumina Systems,North,Education,Website,Vikram Shah,Proposal,7100.0,2025-06-02,,False,
D02323,Kinetic Enterprises,Central,Manufacturing,Partner,Priya Nair,Negotiation,25000.0,2025-01-05,,False,
D02324,Jupiter Technologies,North,Healthcare,Referral,Karan Malhotra,Proposal,14400.0,2024-11-06,,False,
D02325,Everest Industries,Central,It Services,Social Media,Arjun Mehta,Qualification,19700.0,2025-05-14,,False,
D02326,Lumina Technologies,West,Finance,Social Media,Ananya Rao,Closed Won,41600.0,2025-11-08,2026-02-03,True,87.0
D02327,Pioneer Group,West,Manufacturing,Partner,Rohit Verma,Negotiation,39200.0,2026-01-20,,False,
D02328,Everest Corp,South,Finance,Cold Call,Ananya Rao,Proposal,28900.0,2025-08-15,,False,
D02329,Quantum Technologies,East,It Services,Partner,Vikram Shah,Prospecting,25100.0,2026-03-20,,False,
D02330,Bright Industries,West,Education,Social Media,Vikram Shah,Closed Won,2800.0,2024-10-16,2024-11-10,True,25.0
D02331,Zenith Corp,Central,Education,Referral,Karan Malhotra,Prospecting,6300.0,2024-11-04,,False,
D02332,Bright Systems,North,Healthcare,Trade Show,Rohit Verma,Proposal,13800.0,2024-07-12,,False,
D02333,Pioneer Corp,West,It Services,Cold Call,Sneha Iyer,Closed Won,4300.0,2025-04-24,2025-06-28,True,65.0
D02334,Zenith Solutions,East,It Services,Social Media,Rohit Verma,Proposal,19200.0,2024-06-25,,False,
D02335,Pioneer Technologies,North,It Services,Trade Show,Vikram Shah,Prospecting,21700.0,2025-12-01,,False,
D02336,Ironclad Technologies,South,Healthcare,Cold Call,Kavya Reddy,Qualification,18400.0,2026-02-14,,False,
D02337,Radiant Technologies,West,It Services,Referral,Vikram Shah,Closed Lost,14600.0,2025-03-14,2025-05-16,False,63.0
D02338,Everest Solutions,South,Retail,Partner,Rohit Verma,Proposal,8700.0,2025-03-14,,False,
D02339,Ironclad Systems,East,Retail,Referral,Rohit Verma,Closed Lost,6400.0,2026-02-25,2026-03-01,False,4.0
D02340,Horizon Solutions,Central,Finance,Trade Show,Ananya Rao,Closed Won,52700.0,2024-03-22,2024-04-20,True,29.0
D02341,Unity Enterprises,North,Finance,Website,Karan Malhotra,Proposal,41600.0,2025-01-09,,False,
D02342,Horizon Systems,North,It Services,Trade Show,Priya Nair,Qualification,6800.0,2024-02-20,,False,
D02343,Horizon Technologies,Central,Healthcare,Website,Priya Nair,Closed Lost,17100.0,2024-11-26,2025-01-01,False,36.0
D02344,Orbit Group,West,Finance,Partner,Arjun Mehta,Qualification,33900.0,2024-09-15,,False,
D02345,Pioneer Corp,North,Healthcare,Referral,Rohit Verma,Qualification,22600.0,2025-06-29,,False,
D02346,Quantum Solutions,East,Healthcare,Social Media,Sneha Iyer,Closed Won,32900.0,2025-06-28,2025-07-01,True,3.0
D02347,Nexus Enterprises,West,It Services,Website,Vikram Shah,Closed Won,7600.0,2026-04-05,2026-05-24,True,49.0
D02348,Radiant Enterprises,West,Education,Partner,Vikram Shah,Qualification,4300.0,2024-09-28,,False,
D02349,Titan Solutions,West,Education,Referral,Vikram Shah,Proposal,5800.0,2024-12-10,,False,
D02350,Unity Systems,South,Retail,Cold Call,Vikram Shah,Qualification,15100.0,2024-03-11,,False,
D02351,Horizon Systems,North,Education,Trade Show,Ananya Rao,Proposal,6300.0,2025-07-25,,False,
D02352,Meridian Corp,Central,Education,Cold Call,Karan Malhotra,Closed Won,7200.0,2025-04-07,2025-05-13,True,36.0
D02353,Everest Enterprises,Central,Finance,Website,Ananya Rao,Negotiation,19100.0,2026-03-04,,False,
D02354,Kinetic Solutions,Central,Manufacturing,Partner,Rohit Verma,Proposal,22900.0,2024-05-13,,False,
D02355,Jupiter Enterprises,East,It Services,Website,Karan Malhotra,Qualification,15400.0,2024-05-28,,False,
D02356,Ironclad Solutions,West,Retail,Cold Call,Kavya Reddy,Negotiation,10200.0,2025-03-11,,False,
D02357,Nexus Solutions,East,Manufacturing,Trade Show,Vikram Shah,Closed Lost,26600.0,2025-09-03,2025-10-13,False,40.0
D02358,Everest Enterprises,South,Retail,Partner,Kavya Reddy,Closed Won,9500.0,2024-07-20,2024-08-30,True,41.0
D02359,Meridian Industries,East,Retail,Social Media,Karan Malhotra,Negotiation,6000.0,2025-01-08,,False,
D02360,Delta Enterprises,North,It Services,Trade Show,Vikram Shah,Negotiation,19200.0,2025-08-07,,False,
D02361,Lumina Industries,Central,Manufacturing,Referral,Vikram Shah,Closed Won,27900.0,2025-10-23,2025-11-25,True,33.0
D02362,Horizon Group,West,Healthcare,Partner,Priya Nair,Proposal,13100.0,2025-07-22,,False,
D02363,Jupiter Technologies,Central,Education,Social Media,Arjun Mehta,Negotiation,9200.0,2025-08-15,,False,
D02364,Zenith Technologies,East,Retail,Trade Show,Rohit Verma,Closed Won,7900.0,2026-03-26,2026-05-06,True,41.0
D02365,Lumina Solutions,Central,Finance,Referral,Priya Nair,Closed Won,50200.0,2024-02-27,2024-04-06,True,39.0
D02366,Pioneer Corp,South,Healthcare,Social Media,Sneha Iyer,Proposal,11500.0,2024-05-17,,False,
D02367,Alpha Solutions,North,Education,Referral,Ananya Rao,Closed Won,4800.0,2025-06-02,2025-08-22,True,81.0
D02368,Unity Technologies,North,Retail,Referral,Kavya Reddy,Proposal,7600.0,2024-09-22,,False,
D02369,Jupiter Enterprises,Central,Retail,Trade Show,Karan Malhotra,Proposal,9700.0,2026-02-23,,False,
D02370,Crest Solutions,West,Finance,Social Media,Priya Nair,Negotiation,43200.0,2025-03-11,,False,
D02371,Meridian Enterprises,East,Manufacturing,Website,Priya Nair,Proposal,33200.0,2024-11-21,,False,
D02372,Pioneer Industries,North,Finance,Trade Show,Sneha Iyer,Closed Lost,33500.0,2026-01-20,2026-02-21,False,32.0
D02373,Jupiter Corp,West,Manufacturing,Website,Rohit Verma,Closed Lost,20700.0,2024-08-18,2024-11-07,False,81.0
D02374,Radiant Systems,Central,Retail,Partner,Arjun Mehta,Qualification,12600.0,2025-03-31,,False,
D02375,Kinetic Solutions,West,It Services,Cold Call,Sneha Iyer,Closed Won,21600.0,2025-10-08,2025-11-19,True,42.0
D02376,Alpha Enterprises,Central,Finance,Trade Show,Arjun Mehta,Closed Lost,23000.0,2024-11-17,2024-12-08,False,21.0
D02377,Orbit Industries,North,Finance,Website,Priya Nair,Negotiation,20300.0,2024-03-15,,False,
D02378,Radiant Corp,West,It Services,Social Media,Ananya Rao,Closed Won,20700.0,2025-11-24,2026-03-11,True,107.0
D02379,Nexus Corp,West,It Services,Partner,Sneha Iyer,Proposal,20700.0,2025-03-07,,False,
D02380,Vertex Enterprises,North,Healthcare,Website,Kavya Reddy,Prospecting,26000.0,2026-06-21,,False,
D02381,Global Systems,East,Education,Trade Show,Arjun Mehta,Closed Won,5500.0,2024-09-24,2024-11-16,True,53.0
D02382,Falcon Industries,West,Finance,Website,Kavya Reddy,Closed Won,8300.0,2024-02-06,2024-03-26,True,49.0
D02383,Summit Enterprises,North,Retail,Referral,Priya Nair,Prospecting,10900.0,2024-01-25,,False,
D02384,Pioneer Corp,East,It Services,Website,Sneha Iyer,Qualification,12900.0,2025-03-11,,False,
D02385,Unity Group,North,Healthcare,Trade Show,Sneha Iyer,Closed Won,25800.0,2024-10-18,2024-12-07,True,50.0
D02386,Jupiter Industries,South,Education,Social Media,Vikram Shah,Qualification,4300.0,2024-06-23,,False,
D02387,Vertex Technologies,South,Finance,Website,Vikram Shah,Negotiation,29100.0,2024-10-22,,False,
D02388,Delta Industries,North,Retail,Trade Show,Arjun Mehta,Prospecting,9200.0,2026-05-28,,False,
D02389,Vertex Technologies,East,Retail,Website,Priya Nair,Closed Won,4400.0,2024-06-17,2024-08-17,True,61.0
D02390,Kinetic Corp,West,Finance,Referral,Arjun Mehta,Closed Lost,12300.0,2024-12-02,2024-12-17,False,15.0
D02391,Radiant Corp,North,Finance,Trade Show,Vikram Shah,Prospecting,29100.0,2024-12-01,,False,
D02392,Quantum Industries,East,It Services,Trade Show,Ananya Rao,Prospecting,16400.0,2025-04-21,,False,
D02393,Nexus Corp,South,Finance,Trade Show,Karan Malhotra,Proposal,20900.0,2026-01-25,,False,
D02394,Lumina Group,South,Healthcare,Cold Call,Sneha Iyer,Closed Lost,22900.0,2024-06-28,2024-10-01,False,95.0
D02395,Global Industries,East,Manufacturing,Partner,Rohit Verma,Qualification,28400.0,2026-03-07,,False,
D02396,Everest Group,South,Finance,Website,Rohit Verma,Closed Lost,18900.0,2025-10-03,2025-12-10,False,68.0
D02397,Kinetic Solutions,East,Manufacturing,Trade Show,Arjun Mehta,Closed Won,31700.0,2024-06-13,2024-08-12,True,60.0
D02398,Vertex Enterprises,South,Retail,Referral,Kavya Reddy,Closed Won,4700.0,2024-05-30,2024-08-21,True,83.0
D02399,Meridian Corp,South,Healthcare,Social Media,Rohit Verma,Negotiation,10500.0,2024-06-10,,False,
D02400,Global Enterprises,South,Finance,Partner,Arjun Mehta,Negotiation,10100.0,2026-06-08,,False,
D02401,Horizon Industries,Central,Education,Trade Show,Rohit Verma,Qualification,7500.0,2025-05-07,,False,
D02402,Quantum Group,North,Healthcare,Website,Ananya Rao,Closed Lost,27000.0,2025-08-30,2025-09-02,False,3.0
D02403,Horizon Solutions,North,Finance,Referral,Vikram Shah,Negotiation,23000.0,2025-05-17,,False,
D02404,Pioneer Industries,East,Education,Cold Call,Ananya Rao,Negotiation,7800.0,2025-01-15,,False,
D02405,Falcon Technologies,Central,Manufacturing,Partner,Priya Nair,Closed Won,9100.0,2024-08-09,2024-10-17,True,69.0
D02406,Alpha Technologies,South,Manufacturing,Trade Show,Sneha Iyer,Proposal,16300.0,2024-01-13,,False,
D02407,Unity Systems,West,Retail,Website,Ananya Rao,Negotiation,5200.0,2024-07-12,,False,
D02408,Unity Solutions,West,Education,Website,Ananya Rao,Proposal,4300.0,2024-04-22,,False,
D02409,Zenith Systems,North,Healthcare,Partner,Karan Malhotra,Prospecting,8400.0,2024-06-03,,False,
D02410,Titan Systems,South,Healthcare,Partner,Ananya Rao,Qualification,19200.0,2024-09-05,,False,
D02411,Summit Group,East,Finance,Trade Show,Ananya Rao,Qualification,38600.0,2024-08-17,,False,
D02412,Meridian Systems,Central,Retail,Partner,Karan Malhotra,Closed Won,12700.0,2025-06-06,2025-07-07,True,31.0
D02413,Zenith Industries,Central,Healthcare,Website,Rohit Verma,Proposal,30100.0,2025-05-02,,False,
D02414,Unity Technologies,East,Education,Social Media,Priya Nair,Closed Lost,5100.0,2025-01-26,2025-02-16,False,21.0
D02415,Bright Group,West,Retail,Cold Call,Karan Malhotra,Closed Won,8200.0,2024-04-03,2024-06-11,True,69.0
D02416,Global Enterprises,Central,Healthcare,Cold Call,Rohit Verma,Qualification,22100.0,2024-03-23,,False,
D02417,Kinetic Technologies,West,It Services,Website,Vikram Shah,Negotiation,17700.0,2025-05-21,,False,
D02418,Alpha Solutions,West,Finance,Social Media,Vikram Shah,Proposal,34900.0,2024-01-22,,False,
D02419,Vertex Systems,West,It Services,Trade Show,Rohit Verma,Closed Lost,17000.0,2024-07-08,2024-08-14,False,37.0
D02420,Horizon Enterprises,West,Finance,Social Media,Priya Nair,Prospecting,25400.0,2026-03-02,,False,
D02421,Crest Solutions,East,It Services,Website,Vikram Shah,Proposal,10400.0,2026-01-28,,False,
D02422,Vertex Systems,West,Retail,Website,Sneha Iyer,Proposal,10100.0,2026-03-26,,False,
D02423,Radiant Enterprises,East,Finance,Website,Ananya Rao,Closed Won,43000.0,2024-08-31,2024-10-18,True,48.0
D02424,Crest Group,North,Education,Trade Show,Rohit Verma,Proposal,8900.0,2026-06-10,,False,
D02425,Ironclad Industries,West,Finance,Trade Show,Kavya Reddy,Closed Won,31700.0,2024-11-15,2024-12-10,True,25.0
D02426,Everest Solutions,Central,It Services,Referral,Rohit Verma,Proposal,10500.0,2025-01-01,,False,
D02427,Bright Group,East,Manufacturing,Website,Sneha Iyer,Qualification,38700.0,2025-01-14,,False,
D02428,Ironclad Technologies,North,Education,Social Media,Sneha Iyer,Closed Lost,2100.0,2025-05-01,2025-06-05,False,35.0
D02429,Radiant Solutions,South,Finance,Trade Show,Sneha Iyer,Negotiation,45500.0,2025-11-06,,False,
D02430,Horizon Corp,North,Manufacturing,Trade Show,Karan Malhotra,Closed Won,32900.0,2024-08-19,2024-09-09,True,21.0
D02431,Ironclad Enterprises,West,Finance,Partner,Sneha Iyer,Prospecting,47100.0,2024-10-20,,False,
D02432,Zenith Corp,East,Education,Partner,Sneha Iyer,Qualification,4000.0,2024-01-16,,False,
D02433,Crest Solutions,Central,Retail,Website,Ananya Rao,Qualification,5900.0,2026-01-29,,False,
D02434,Alpha Systems,Central,Education,Referral,Rohit Verma,Closed Won,6100.0,2024-12-06,2025-03-14,True,98.0
D02435,Delta Corp,West,Retail,Website,Kavya Reddy,Negotiation,9000.0,2025-12-08,,False,
D02436,Ironclad Systems,West,Education,Referral,Rohit Verma,Negotiation,3000.0,2024-09-04,,False,
D02437,Crest Technologies,North,Healthcare,Partner,Ananya Rao,Closed Lost,28400.0,2024-09-30,2024-12-16,False,77.0
D02438,Zenith Enterprises,East,Education,Partner,Ananya Rao,Qualification,3300.0,2024-12-18,,False,
D02439,Delta Group,East,Manufacturing,Trade Show,Rohit Verma,Negotiation,23900.0,2025-07-16,,False,
D02440,Lumina Industries,East,It Services,Website,Sneha Iyer,Proposal,13400.0,2025-09-08,,False,
D02441,Ironclad Group,South,Manufacturing,Social Media,Karan Malhotra,Qualification,35300.0,2026-02-05,,False,
D02442,Summit Technologies,Central,Education,Cold Call,Ananya Rao,Prospecting,2200.0,2024-11-05,,False,
D02443,Everest Enterprises,South,Finance,Website,Kavya Reddy,Closed Won,33400.0,2025-12-04,2026-01-06,True,33.0
D02444,Bright Technologies,West,Retail,Trade Show,Sneha Iyer,Closed Won,10800.0,2025-07-29,2025-08-16,True,18.0
D02445,Alpha Solutions,North,Finance,Social Media,Vikram Shah,Negotiation,21500.0,2025-03-18,,False,
D02446,Delta Systems,East,Education,Cold Call,Ananya Rao,Prospecting,6700.0,2024-11-06,,False,
D02447,Everest Solutions,South,It Services,Website,Priya Nair,Closed Won,8100.0,2024-12-02,2025-02-07,True,67.0
D02448,Orbit Solutions,Central,Healthcare,Trade Show,Vikram Shah,Closed Lost,15900.0,2024-07-17,2024-08-02,False,16.0
D02449,Vertex Group,Central,Education,Partner,Arjun Mehta,Qualification,8700.0,2026-06-22,,False,
D02450,Jupiter Solutions,East,Education,Referral,Kavya Reddy,Negotiation,8900.0,2024-11-24,,False,
D02451,Crest Technologies,East,Manufacturing,Social Media,Ananya Rao,Proposal,23300.0,2024-09-13,,False,
D02452,Global Industries,North,Finance,Social Media,Vikram Shah,Negotiation,31800.0,2024-01-17,,False,
D02453,Titan Group,East,Retail,Referral,Arjun Mehta,Prospecting,4000.0,2026-06-10,,False,
D02454,Vertex Technologies,South,Manufacturing,Referral,Sneha Iyer,Negotiation,17800.0,2024-12-16,,False,
D02455,Radiant Technologies,South,Retail,Cold Call,Sneha Iyer,Qualification,5300.0,2026-01-28,,False,
D02456,Quantum Group,West,Finance,Partner,Sneha Iyer,Qualification,35900.0,2024-12-23,,False,
D02457,Unity Technologies,West,Manufacturing,Trade Show,Rohit Verma,Negotiation,41400.0,2025-10-16,,False,
D02458,Vertex Enterprises,East,Manufacturing,Cold Call,Vikram Shah,Proposal,28300.0,2024-05-24,,False,
D02459,Kinetic Technologies,North,Finance,Social Media,Sneha Iyer,Closed Won,42900.0,2024-02-14,2024-03-13,True,28.0
D02460,Global Enterprises,East,Manufacturing,Cold Call,Sneha Iyer,Qualification,44200.0,2025-02-09,,False,
D02461,Alpha Enterprises,Central,Education,Website,Sneha Iyer,Prospecting,5000.0,2026-03-06,,False,
D02462,Meridian Enterprises,West,Retail,Website,Sneha Iyer,Negotiation,7500.0,2024-02-09,,False,
D02463,Orbit Technologies,North,It Services,Referral,Vikram Shah,Qualification,17400.0,2025-09-25,,False,
D02464,Orbit Group,West,Manufacturing,Referral,Ananya Rao,Qualification,20000.0,2025-03-03,,False,
D02465,Vertex Corp,East,Manufacturing,Referral,Sneha Iyer,Prospecting,26700.0,2025-05-19,,False,
D02466,Alpha Enterprises,Central,Healthcare,Social Media,Vikram Shah,Prospecting,31600.0,2026-05-17,,False,
D02467,Jupiter Solutions,East,Retail,Trade Show,Rohit Verma,Prospecting,9100.0,2024-06-24,,False,
D02468,Summit Technologies,West,Healthcare,Website,Rohit Verma,Proposal,8300.0,2026-01-19,,False,
D02469,Delta Technologies,West,Manufacturing,Trade Show,Priya Nair,Qualification,35400.0,2024-06-19,,False,
D02470,Lumina Systems,South,Education,Partner,Karan Malhotra,Closed Won,4700.0,2025-08-30,2025-09-28,True,29.0
D02471,Quantum Industries,Central,Finance,Referral,Rohit Verma,Proposal,43200.0,2024-05-07,,False,
D02472,Global Systems,North,Finance,Referral,Kavya Reddy,Prospecting,22700.0,2026-04-22,,False,
D02473,Vertex Systems,West,Manufacturing,Cold Call,Karan Malhotra,Negotiation,30500.0,2025-07-22,,False,
D02474,Meridian Solutions,East,Finance,Partner,Sneha Iyer,Closed Won,32500.0,2024-06-24,2024-07-14,True,20.0
D02475,Horizon Group,Central,It Services,Cold Call,Kavya Reddy,Closed Won,14100.0,2024-05-12,2024-05-29,True,17.0
D02476,Horizon Group,West,It Services,Trade Show,Sneha Iyer,Prospecting,17200.0,2025-11-28,,False,
D02477,Ironclad Industries,Central,Manufacturing,Website,Rohit Verma,Qualification,28900.0,2024-02-22,,False,
D02478,Kinetic Group,West,Manufacturing,Website,Arjun Mehta,Closed Won,38300.0,2026-02-06,2026-03-06,True,28.0
D02479,Meridian Corp,Central,Manufacturing,Partner,Sneha Iyer,Closed Won,31000.0,2025-12-23,2026-03-07,True,74.0
D02480,Nexus Technologies,South,Finance,Referral,Karan Malhotra,Closed Lost,15800.0,2025-10-13,2025-11-22,False,40.0
D02481,Quantum Industries,Central,It Services,Website,Kavya Reddy,Closed Lost,13000.0,2024-12-19,2025-01-03,False,15.0
D02482,Kinetic Technologies,Central,Retail,Social Media,Vikram Shah,Closed Lost,5000.0,2024-07-09,2024-08-30,False,52.0
D02483,Horizon Technologies,South,Education,Partner,Arjun Mehta,Proposal,9600.0,2025-01-14,,False,
D02484,Lumina Group,West,Healthcare,Trade Show,Ananya Rao,Qualification,13700.0,2026-01-06,,False,
D02485,Orbit Industries,South,Retail,Cold Call,Arjun Mehta,Qualification,10200.0,2024-01-19,,False,
D02486,Zenith Corp,East,Education,Referral,Karan Malhotra,Qualification,5600.0,2025-03-13,,False,
D02487,Quantum Enterprises,West,Retail,Referral,Rohit Verma,Proposal,500.0,2026-01-06,,False,
D02488,Crest Corp,South,Healthcare,Website,Vikram Shah,Prospecting,7900.0,2026-06-22,,False,
D02489,Bright Industries,North,Retail,Cold Call,Rohit Verma,Proposal,9400.0,2026-03-24,,False,
D02490,Pioneer Group,West,Finance,Trade Show,Ananya Rao,Closed Won,24800.0,2025-10-14,2025-11-27,True,44.0
D02491,Meridian Systems,East,Retail,Partner,Arjun Mehta,Negotiation,11300.0,2025-09-12,,False,
D02492,Meridian Systems,North,Retail,Cold Call,Ananya Rao,Qualification,11000.0,2024-08-01,,False,
D02493,Radiant Technologies,Central,It Services,Social Media,Priya Nair,Closed Won,5800.0,2025-11-13,2026-02-01,True,80.0
D02494,Pioneer Enterprises,West,Healthcare,Trade Show,Kavya Reddy,Qualification,9000.0,2025-10-12,,False,
D02495,Radiant Group,West,Retail,Partner,Rohit Verma,Proposal,5700.0,2024-07-17,,False,
D02496,Quantum Systems,West,Retail,Partner,Karan Malhotra,Prospecting,6600.0,2025-12-06,,False,
D02497,Unity Enterprises,Central,Manufacturing,Partner,Karan Malhotra,Closed Lost,25600.0,2025-10-24,2025-12-26,False,63.0
D02498,Delta Enterprises,South,Education,Referral,Kavya Reddy,Prospecting,5900.0,2024-06-24,,False,
D02499,Jupiter Systems,North,Education,Social Media,Kavya Reddy,Closed Lost,4900.0,2025-03-16,2025-04-11,False,26.0
D02500,Nexus Systems,Central,Education,Cold Call,Rohit Verma,Closed Won,6600.0,2024-06-06,2024-08-10,True,65.0
D02501,Delta Technologies,East,Manufacturing,Referral,Rohit Verma,Prospecting,27500.0,2025-12-13,,False,
D02502,Vertex Enterprises,East,Manufacturing,Website,Kavya Reddy,Qualification,30400.0,2025-11-20,,False,
D02503,Bright Solutions,East,Education,Referral,Rohit Verma,Closed Won,6200.0,2024-09-16,2024-12-04,True,79.0
D02504,Summit Corp,North,Education,Cold Call,Vikram Shah,Negotiation,5100.0,2025-01-03,,False,
D02505,Global Corp,East,Education,Cold Call,Sneha Iyer,Closed Lost,2900.0,2025-03-12,2025-05-22,False,71.0
D02506,Summit Group,Central,Finance,Partner,Ananya Rao,Negotiation,33500.0,2025-08-09,,False,
D02507,Alpha Systems,Central,Education,Social Media,Kavya Reddy,Closed Won,5000.0,2025-07-16,2025-08-29,True,44.0
D02508,Vertex Technologies,North,Retail,Referral,Arjun Mehta,Qualification,10700.0,2024-05-07,,False,
D02509,Ironclad Systems,East,It Services,Website,Sneha Iyer,Prospecting,22800.0,2025-04-25,,False,
D02510,Everest Systems,Central,Finance,Website,Priya Nair,Prospecting,28100.0,2024-11-09,,False,
D02511,Global Enterprises,Central,Finance,Social Media,Karan Malhotra,Proposal,28500.0,2026-05-02,,False,
D02512,Titan Industries,West,Healthcare,Referral,Vikram Shah,Prospecting,16700.0,2025-10-31,,False,
D02513,Everest Industries,East,Education,Social Media,Kavya Reddy,Qualification,9900.0,2025-03-21,,False,
D02514,Everest Solutions,North,Healthcare,Cold Call,Arjun Mehta,Closed Won,21700.0,2025-02-07,2025-03-14,True,35.0
D02515,Delta Systems,South,Healthcare,Social Media,Rohit Verma,Prospecting,13200.0,2024-10-06,,False,
D02516,Meridian Enterprises,Central,Healthcare,Website,Arjun Mehta,Proposal,4600.0,2024-10-20,,False,
D02517,Alpha Systems,Central,Retail,Website,Priya Nair,Closed Lost,10000.0,2025-06-12,2025-07-06,False,24.0
D02518,Horizon Enterprises,Central,Finance,Cold Call,Karan Malhotra,Negotiation,37500.0,2026-03-26,,False,
D02519,Ironclad Group,South,Finance,Cold Call,Ananya Rao,Prospecting,36100.0,2025-03-22,,False,
D02520,Pioneer Technologies,North,It Services,Cold Call,Vikram Shah,Prospecting,16900.0,2026-03-05,,False,
D02521,Radiant Enterprises,West,Manufacturing,Website,Vikram Shah,Closed Lost,16200.0,2024-03-06,2024-04-17,False,42.0
D02522,Nexus Solutions,South,Healthcare,Referral,Priya Nair,Qualification,6800.0,2025-05-28,,False,
D02523,Lumina Enterprises,East,Finance,Referral,Vikram Shah,Closed Lost,40900.0,2024-05-11,2024-06-09,False,29.0
D02524,Vertex Enterprises,North,It Services,Cold Call,Arjun Mehta,Proposal,16000.0,2024-05-05,,False,
D02525,Quantum Systems,Central,Education,Website,Ananya Rao,Closed Lost,6800.0,2025-05-22,2025-05-23,False,1.0
D02526,Crest Enterprises,West,It Services,Partner,Arjun Mehta,Negotiation,15700.0,2026-05-23,,False,
D02527,Horizon Group,Central,Education,Referral,Kavya Reddy,Qualification,8500.0,2025-05-27,,False,
D02528,Unity Technologies,East,Finance,Trade Show,Sneha Iyer,Closed Lost,40200.0,2024-06-22,2024-10-09,False,109.0
D02529,Delta Industries,East,Retail,Referral,Kavya Reddy,Qualification,4900.0,2024-10-02,,False,
D02530,Bright Corp,West,Finance,Trade Show,Arjun Mehta,Proposal,40200.0,2025-03-30,,False,
D02531,Bright Systems,North,Healthcare,Social Media,Kavya Reddy,Closed Won,13100.0,2024-12-26,2025-01-22,True,27.0
D02532,Radiant Group,South,Manufacturing,Referral,Arjun Mehta,Closed Won,23900.0,2025-04-25,2025-05-03,True,8.0
D02533,Nexus Solutions,Central,Manufacturing,Referral,Karan Malhotra,Negotiation,20700.0,2024-02-01,,False,
D02534,Jupiter Systems,South,Manufacturing,Social Media,Ananya Rao,Prospecting,22400.0,2024-12-07,,False,
D02535,Global Corp,West,It Services,Referral,Priya Nair,Qualification,1800.0,2025-03-08,,False,
D02536,Orbit Systems,North,Retail,Referral,Priya Nair,Closed Won,8200.0,2025-09-28,2025-10-29,True,31.0
D02537,Falcon Enterprises,North,Education,Cold Call,Arjun Mehta,Proposal,9600.0,2024-06-21,,False,
D02538,Horizon Corp,East,Manufacturing,Partner,Kavya Reddy,Proposal,24900.0,2026-01-24,,False,
D02539,Meridian Systems,North,Education,Social Media,Kavya Reddy,Negotiation,6400.0,2026-05-25,,False,
D02540,Kinetic Industries,Central,Finance,Trade Show,Vikram Shah,Closed Won,29900.0,2026-06-25,2026-06-30,True,5.0
D02541,Delta Corp,East,Education,Social Media,Ananya Rao,Closed Lost,7100.0,2025-03-30,2025-05-25,False,56.0
D02542,Zenith Solutions,West,Healthcare,Social Media,Arjun Mehta,Closed Lost,17700.0,2025-07-14,2025-08-30,False,47.0
D02543,Bright Technologies,Central,Finance,Trade Show,Arjun Mehta,Proposal,30600.0,2024-05-17,,False,
D02544,Unity Corp,Central,Healthcare,Cold Call,Karan Malhotra,Proposal,10000.0,2025-08-24,,False,
D02545,Titan Enterprises,Central,Finance,Social Media,Priya Nair,Qualification,27800.0,2026-01-11,,False,
D02546,Radiant Technologies,East,It Services,Social Media,Arjun Mehta,Closed Won,16300.0,2024-12-08,2025-01-19,True,42.0
D02547,Meridian Enterprises,Central,It Services,Trade Show,Ananya Rao,Qualification,16400.0,2024-09-03,,False,
D02548,Orbit Enterprises,Central,Retail,Referral,Kavya Reddy,Prospecting,11800.0,2024-04-20,,False,
D02549,Quantum Solutions,Central,It Services,Cold Call,Arjun Mehta,Closed Won,14500.0,2025-06-18,2025-07-30,True,42.0
D02550,Global Group,West,Finance,Partner,Kavya Reddy,Closed Won,39800.0,2024-05-02,2024-06-12,True,41.0
D02551,Radiant Group,Central,Manufacturing,Social Media,Karan Malhotra,Prospecting,34500.0,2026-06-18,,False,
D02552,Alpha Corp,South,Healthcare,Partner,Rohit Verma,Proposal,16600.0,2025-06-19,,False,
D02553,Delta Corp,West,It Services,Partner,Priya Nair,Prospecting,18200.0,2026-02-02,,False,
D02554,Jupiter Enterprises,Central,It Services,Trade Show,Sneha Iyer,Closed Lost,13100.0,2025-07-23,2025-10-24,False,93.0
D02555,Summit Technologies,South,Finance,Partner,Priya Nair,Qualification,50400.0,2026-03-22,,False,
D02556,Quantum Group,Central,It Services,Website,Kavya Reddy,Closed Lost,8800.0,2026-06-19,2026-06-30,False,11.0
D02557,Quantum Solutions,West,It Services,Social Media,Priya Nair,Closed Lost,17400.0,2026-04-18,2026-06-28,False,71.0
D02558,Alpha Group,East,Manufacturing,Cold Call,Karan Malhotra,Proposal,30500.0,2025-01-14,,False,
D02559,Summit Solutions,West,Education,Cold Call,Karan Malhotra,Proposal,6400.0,2026-04-23,,False,
D02560,Zenith Industries,South,Education,Trade Show,Rohit Verma,Closed Won,7600.0,2025-04-06,2025-05-21,True,45.0
D02561,Pioneer Enterprises,North,Manufacturing,Website,Vikram Shah,Prospecting,15000.0,2024-07-23,,False,
D02562,Vertex Technologies,West,It Services,Trade Show,Vikram Shah,Negotiation,8500.0,2025-03-31,,False,
D02563,Global Enterprises,West,It Services,Trade Show,Priya Nair,Closed Lost,22200.0,2025-09-15,2025-10-26,False,41.0
D02564,Falcon Corp,South,Manufacturing,Partner,Vikram Shah,Proposal,21600.0,2024-06-07,,False,
D02565,Radiant Systems,South,Finance,Website,Vikram Shah,Qualification,38400.0,2026-01-09,,False,
D02566,Titan Group,East,Finance,Referral,Sneha Iyer,Closed Lost,62700.0,2026-04-18,2026-05-31,False,43.0
D02567,Radiant Industries,North,Finance,Social Media,Karan Malhotra,Prospecting,54300.0,2024-08-16,,False,
D02568,Jupiter Systems,West,Manufacturing,Website,Rohit Verma,Negotiation,25400.0,2026-03-22,,False,
D02569,Pioneer Group,North,Healthcare,Referral,Rohit Verma,Negotiation,23900.0,2025-08-28,,False,
D02570,Kinetic Industries,Central,Manufacturing,Website,Arjun Mehta,Prospecting,17900.0,2025-06-10,,False,
D02571,Alpha Corp,East,Retail,Website,Vikram Shah,Closed Won,10100.0,2026-06-22,2026-06-30,True,8.0
D02572,Delta Technologies,Central,Healthcare,Partner,Priya Nair,Proposal,25000.0,2025-10-08,,False,
D02573,Vertex Group,South,It Services,Partner,Karan Malhotra,Closed Won,16000.0,2025-04-05,2025-06-23,True,79.0
D02574,Summit Enterprises,Central,Education,Website,Karan Malhotra,Prospecting,10000.0,2026-01-07,,False,
D02575,Meridian Corp,Central,Manufacturing,Cold Call,Priya Nair,Qualification,29400.0,2024-10-13,,False,
D02576,Falcon Systems,Central,It Services,Social Media,Kavya Reddy,Prospecting,11000.0,2024-10-17,,False,
D02577,Crest Technologies,Central,Education,Referral,Priya Nair,Closed Lost,3000.0,2024-02-13,2024-03-24,False,40.0
D02578,Jupiter Enterprises,South,Finance,Cold Call,Ananya Rao,Negotiation,15400.0,2024-11-05,,False,
D02579,Lumina Systems,North,It Services,Trade Show,Vikram Shah,Closed Won,19300.0,2024-09-22,2024-10-16,True,24.0
D02580,Falcon Enterprises,South,It Services,Referral,Rohit Verma,Proposal,14200.0,2024-12-01,,False,
D02581,Summit Industries,Central,Education,Cold Call,Rohit Verma,Proposal,5800.0,2024-06-23,,False,
D02582,Titan Technologies,East,Education,Website,Arjun Mehta,Negotiation,10300.0,2025-05-24,,False,
D02583,Jupiter Enterprises,North,Education,Website,Rohit Verma,Negotiation,6200.0,2025-04-21,,False,
D02584,Crest Corp,North,Finance,Website,Ananya Rao,Proposal,36600.0,2024-12-23,,False,
D02585,Vertex Technologies,West,Retail,Trade Show,Ananya Rao,Qualification,14000.0,2026-06-11,,False,
D02586,Vertex Systems,Central,Healthcare,Cold Call,Ananya Rao,Prospecting,22400.0,2024-12-11,,False,
D02587,Bright Systems,Central,Finance,Website,Karan Malhotra,Proposal,24100.0,2026-04-27,,False,
D02588,Orbit Technologies,East,Retail,Trade Show,Ananya Rao,Proposal,5900.0,2025-11-30,,False,
D02589,Zenith Industries,East,Healthcare,Partner,Sneha Iyer,Closed Lost,5100.0,2025-05-03,2025-07-02,False,60.0
D02590,Delta Systems,North,Manufacturing,Website,Arjun Mehta,Negotiation,33400.0,2026-03-11,,False,
D02591,Everest Solutions,North,Healthcare,Social Media,Vikram Shah,Closed Lost,15900.0,2026-02-13,2026-03-24,False,39.0
D02592,Unity Systems,Central,Manufacturing,Website,Sneha Iyer,Closed Lost,24700.0,2025-09-05,2025-10-29,False,54.0
D02593,Horizon Technologies,Central,Retail,Website,Ananya Rao,Prospecting,8900.0,2024-11-24,,False,
D02594,Crest Enterprises,South,Retail,Website,Arjun Mehta,Closed Won,11700.0,2024-12-24,2025-02-19,True,57.0
D02595,Jupiter Enterprises,South,It Services,Cold Call,Vikram Shah,Qualification,5300.0,2024-05-06,,False,
D02596,Lumina Enterprises,South,It Services,Social Media,Ananya Rao,Closed Lost,17500.0,2024-12-12,2025-01-12,False,31.0
D02597,Delta Solutions,South,Finance,Website,Vikram Shah,Qualification,10900.0,2026-03-08,,False,
D02598,Crest Technologies,Central,Education,Partner,Priya Nair,Prospecting,4600.0,2025-11-02,,False,
D02599,Radiant Industries,East,Healthcare,Trade Show,Vikram Shah,Qualification,6100.0,2024-07-05,,False,
D02600,Lumina Corp,West,Manufacturing,Website,Karan Malhotra,Closed Won,29100.0,2026-02-06,2026-04-04,True,57.0
D02601,Jupiter Industries,West,Retail,Website,Kavya Reddy,Qualification,500.0,2024-11-01,,False,
D02602,Nexus Systems,West,Retail,Referral,Rohit Verma,Prospecting,10200.0,2025-12-16,,False,
D02603,Crest Group,East,Education,Website,Karan Malhotra,Proposal,3100.0,2025-09-03,,False,
D02604,Bright Solutions,Central,Healthcare,Partner,Rohit Verma,Closed Won,14100.0,2024-01-10,2024-02-03,True,24.0
D02605,Pioneer Solutions,West,Finance,Trade Show,Arjun Mehta,Closed Lost,19500.0,2025-09-10,2026-03-10,False,181.0
D02606,Orbit Systems,North,Finance,Website,Kavya Reddy,Closed Won,8900.0,2026-01-14,2026-02-16,True,33.0
D02607,Zenith Technologies,North,Retail,Partner,Vikram Shah,Qualification,4200.0,2026-05-24,,False,
D02608,Bright Industries,West,It Services,Cold Call,Priya Nair,Proposal,16700.0,2024-06-16,,False,
D02609,Everest Systems,North,Healthcare,Social Media,Vikram Shah,Negotiation,16600.0,2024-05-13,,False,
D02610,Global Systems,South,Manufacturing,Referral,Priya Nair,Closed Won,36800.0,2024-02-22,2024-03-30,True,37.0
D02611,Zenith Industries,South,Finance,Website,Sneha Iyer,Closed Lost,14600.0,2025-12-05,2026-01-14,False,40.0
D02612,Orbit Industries,North,Manufacturing,Cold Call,Priya Nair,Closed Won,28300.0,2024-08-16,2024-09-03,True,18.0
D02613,Meridian Technologies,South,Finance,Trade Show,Sneha Iyer,Prospecting,19600.0,2024-08-11,,False,
D02614,Alpha Technologies,South,Retail,Referral,Karan Malhotra,Negotiation,3400.0,2024-08-07,,False,
D02615,Global Technologies,South,Finance,Social Media,Priya Nair,Proposal,23500.0,2025-12-30,,False,
D02616,Alpha Solutions,South,It Services,Social Media,Vikram Shah,Proposal,16000.0,2024-01-11,,False,
D02617,Bright Systems,South,Education,Website,Rohit Verma,Qualification,6300.0,2026-02-13,,False,
D02618,Delta Enterprises,West,Finance,Cold Call,Ananya Rao,Negotiation,25600.0,2025-12-29,,False,
D02619,Lumina Enterprises,West,Finance,Trade Show,Karan Malhotra,Proposal,29200.0,2024-08-26,,False,
D02620,Lumina Technologies,North,Finance,Cold Call,Kavya Reddy,Qualification,40100.0,2025-08-11,,False,
D02621,Summit Solutions,North,Education,Cold Call,Sneha Iyer,Closed Won,6300.0,2024-05-07,2024-06-07,True,31.0
D02622,Zenith Systems,East,Manufacturing,Partner,Vikram Shah,Prospecting,32500.0,2026-06-17,,False,
D02623,Global Enterprises,South,Healthcare,Referral,Priya Nair,Qualification,20900.0,2026-06-24,,False,
D02624,Kinetic Technologies,East,Education,Social Media,Priya Nair,Proposal,8200.0,2026-05-19,,False,
D02625,Everest Industries,North,Manufacturing,Referral,Karan Malhotra,Proposal,18700.0,2024-04-20,,False,
D02626,Delta Industries,Central,Finance,Referral,Sneha Iyer,Closed Won,42000.0,2024-04-07,2024-05-07,True,30.0
D02627,Ironclad Technologies,South,Manufacturing,Referral,Karan Malhotra,Qualification,13500.0,2025-06-15,,False,
D02628,Orbit Corp,East,It Services,Social Media,Kavya Reddy,Closed Won,14600.0,2025-12-14,2026-03-19,True,95.0
D02629,Everest Solutions,North,Finance,Website,Arjun Mehta,Closed Won,26600.0,2025-05-15,2025-06-17,True,33.0
D02630,Pioneer Enterprises,East,It Services,Partner,Karan Malhotra,Negotiation,19700.0,2025-06-02,,False,
D02631,Unity Solutions,East,Healthcare,Cold Call,Sneha Iyer,Proposal,16000.0,2026-05-10,,False,
D02632,Lumina Enterprises,North,Finance,Referral,Vikram Shah,Proposal,37100.0,2024-09-18,,False,
D02633,Kinetic Enterprises,East,Healthcare,Trade Show,Kavya Reddy,Proposal,22200.0,2024-07-18,,False,
D02634,Unity Industries,East,Healthcare,Cold Call,Rohit Verma,Closed Lost,21400.0,2025-01-14,2025-04-19,False,95.0
D02635,Bright Corp,South,Education,Referral,Ananya Rao,Proposal,6200.0,2025-09-10,,False,
D02636,Titan Solutions,North,Healthcare,Trade Show,Vikram Shah,Proposal,25000.0,2024-09-03,,False,
D02637,Vertex Corp,East,Manufacturing,Partner,Rohit Verma,Qualification,16100.0,2025-01-29,,False,
D02638,Falcon Industries,South,Finance,Trade Show,Arjun Mehta,Closed Lost,29400.0,2025-09-15,2025-12-10,False,86.0
D02639,Falcon Systems,South,It Services,Social Media,Sneha Iyer,Qualification,14700.0,2025-12-18,,False,
D02640,Bright Technologies,Central,Education,Social Media,Arjun Mehta,Qualification,7700.0,2026-05-19,,False,
D02641,Crest Systems,South,Education,Social Media,Rohit Verma,Proposal,2600.0,2025-10-18,,False,
D02642,Everest Industries,Central,It Services,Website,Arjun Mehta,Proposal,14100.0,2024-02-09,,False,
D02643,Summit Corp,Central,Education,Referral,Arjun Mehta,Negotiation,7300.0,2026-01-30,,False,
D02644,Nexus Systems,Central,It Services,Referral,Ananya Rao,Negotiation,17100.0,2026-03-04,,False,
D02645,Meridian Technologies,East,It Services,Referral,Rohit Verma,Qualification,22000.0,2024-07-15,,False,
D02646,Radiant Enterprises,Central,Manufacturing,Partner,Vikram Shah,Prospecting,15900.0,2025-09-27,,False,
D02647,Nexus Technologies,West,Manufacturing,Website,Priya Nair,Qualification,7700.0,2025-05-16,,False,
D02648,Zenith Enterprises,North,Retail,Website,Arjun Mehta,Proposal,5900.0,2025-09-06,,False,
D02649,Orbit Technologies,North,Retail,Partner,Sneha Iyer,Negotiation,2600.0,2025-10-29,,False,
D02650,Lumina Technologies,Central,Retail,Social Media,Ananya Rao,Closed Won,4300.0,2025-07-18,2025-08-01,True,14.0
D02651,Unity Industries,Central,Finance,Referral,Vikram Shah,Proposal,26300.0,2025-01-30,,False,
D02652,Global Systems,South,Finance,Referral,Kavya Reddy,Proposal,37000.0,2025-04-10,,False,
D02653,Zenith Solutions,Central,Retail,Referral,Vikram Shah,Proposal,1500.0,2026-03-10,,False,
D02654,Quantum Technologies,East,Retail,Social Media,Rohit Verma,Prospecting,8700.0,2025-04-27,,False,
D02655,Zenith Group,North,Education,Referral,Priya Nair,Closed Lost,6600.0,2024-01-08,2024-01-29,False,21.0
D02656,Quantum Group,West,Retail,Website,Arjun Mehta,Closed Won,7000.0,2025-09-28,2025-11-17,True,50.0
D02657,Vertex Systems,West,Manufacturing,Trade Show,Ananya Rao,Qualification,23100.0,2024-10-12,,False,
D02658,Everest Solutions,Central,Manufacturing,Partner,Kavya Reddy,Prospecting,49600.0,2024-03-09,,False,
D02659,Falcon Enterprises,East,Education,Referral,Arjun Mehta,Qualification,500.0,2025-05-18,,False,
D02660,Unity Corp,West,Education,Cold Call,Vikram Shah,Closed Lost,6500.0,2025-06-23,2025-08-01,False,39.0
D02661,Horizon Group,East,Finance,Social Media,Priya Nair,Closed Won,20900.0,2025-04-30,2025-06-21,True,52.0
D02662,Nexus Corp,Central,Healthcare,Referral,Ananya Rao,Closed Lost,20600.0,2024-09-19,2024-12-15,False,87.0
D02663,Zenith Group,Central,Manufacturing,Referral,Kavya Reddy,Proposal,7500.0,2024-03-23,,False,
D02664,Jupiter Technologies,Central,Manufacturing,Trade Show,Vikram Shah,Qualification,27300.0,2026-04-28,,False,
D02665,Pioneer Solutions,Central,Healthcare,Trade Show,Priya Nair,Closed Lost,24500.0,2026-04-22,2026-06-22,False,61.0
D02666,Quantum Systems,Central,Retail,Social Media,Priya Nair,Proposal,7200.0,2026-06-29,,False,
D02667,Crest Solutions,Central,Healthcare,Website,Kavya Reddy,Proposal,16500.0,2024-12-04,,False,
D02668,Radiant Systems,South,Healthcare,Social Media,Ananya Rao,Proposal,21500.0,2025-06-13,,False,
D02669,Nexus Industries,East,It Services,Referral,Sneha Iyer,Qualification,13300.0,2025-09-02,,False,
D02670,Crest Group,West,Healthcare,Social Media,Ananya Rao,Closed Won,7900.0,2024-02-13,2024-04-15,True,62.0
D02671,Ironclad Group,East,Healthcare,Partner,Priya Nair,Closed Won,10400.0,2026-03-28,2026-04-08,True,11.0
D02672,Kinetic Solutions,North,Finance,Referral,Rohit Verma,Prospecting,26600.0,2025-07-16,,False,
D02673,Horizon Systems,East,Manufacturing,Cold Call,Sneha Iyer,Proposal,32000.0,2024-01-01,,False,
D02674,Everest Systems,Central,Education,Partner,Priya Nair,Qualification,8000.0,2026-06-18,,False,
D02675,Falcon Group,South,Manufacturing,Cold Call,Rohit Verma,Closed Won,13900.0,2026-03-22,2026-04-17,True,26.0
D02676,Unity Technologies,Central,It Services,Trade Show,Kavya Reddy,Proposal,11200.0,2024-07-14,,False,
D02677,Everest Solutions,East,Healthcare,Website,Ananya Rao,Proposal,21100.0,2024-03-06,,False,
D02678,Unity Solutions,South,Education,Social Media,Rohit Verma,Closed Lost,6500.0,2026-06-06,2026-06-30,False,24.0
D02679,Radiant Group,West,It Services,Social Media,Priya Nair,Prospecting,12800.0,2025-07-02,,False,
D02680,Lumina Industries,Central,Finance,Trade Show,Rohit Verma,Closed Won,34400.0,2024-07-18,2024-09-09,True,53.0
D02681,Ironclad Corp,South,It Services,Referral,Karan Malhotra,Proposal,23300.0,2024-11-09,,False,
D02682,Zenith Industries,West,Retail,Cold Call,Priya Nair,Closed Lost,7700.0,2025-02-24,2025-03-27,False,31.0
D02683,Meridian Enterprises,West,Education,Referral,Rohit Verma,Prospecting,5500.0,2026-06-26,,False,
D02684,Kinetic Group,North,Healthcare,Website,Arjun Mehta,Negotiation,11000.0,2024-11-06,,False,
D02685,Horizon Group,East,Finance,Website,Kavya Reddy,Negotiation,39100.0,2025-01-28,,False,
D02686,Radiant Corp,East,Retail,Partner,Kavya Reddy,Negotiation,6800.0,2025-10-07,,False,
D02687,Horizon Systems,North,Manufacturing,Website,Priya Nair,Proposal,33800.0,2024-07-08,,False,
D02688,Summit Industries,South,Finance,Website,Ananya Rao,Prospecting,33900.0,2024-05-29,,False,
D02689,Bright Corp,West,Retail,Partner,Arjun Mehta,Negotiation,12100.0,2025-04-11,,False,
D02690,Global Industries,South,Retail,Social Media,Karan Malhotra,Proposal,10800.0,2025-03-05,,False,
D02691,Crest Industries,East,Healthcare,Website,Rohit Verma,Closed Won,22500.0,2025-08-19,2025-09-28,True,40.0
D02692,Pioneer Enterprises,South,Education,Partner,Karan Malhotra,Closed Won,10200.0,2025-06-11,2025-07-02,True,21.0
D02693,Zenith Corp,East,Finance,Cold Call,Rohit Verma,Negotiation,11300.0,2024-05-05,,False,
D02694,Nexus Industries,Central,Healthcare,Website,Arjun Mehta,Qualification,15600.0,2024-11-23,,False,
D02695,Jupiter Solutions,Central,Manufacturing,Trade Show,Rohit Verma,Qualification,4500.0,2024-12-19,,False,
D02696,Crest Systems,West,Education,Social Media,Kavya Reddy,Prospecting,7400.0,2026-02-10,,False,
D02697,Delta Industries,West,Manufacturing,Referral,Arjun Mehta,Negotiation,37300.0,2026-03-04,,False,
D02698,Kinetic Corp,East,Healthcare,Partner,Karan Malhotra,Proposal,22200.0,2026-03-08,,False,
D02699,Ironclad Systems,East,Healthcare,Referral,Rohit Verma,Proposal,30600.0,2025-05-23,,False,
D02700,Horizon Technologies,Central,Healthcare,Website,Kavya Reddy,Closed Lost,26000.0,2025-06-21,2025-10-16,False,117.0
D02701,Delta Enterprises,North,Retail,Social Media,Karan Malhotra,Closed Won,4600.0,2024-01-29,2024-02-25,True,27.0
D02702,Vertex Solutions,Central,It Services,Website,Ananya Rao,Negotiation,21400.0,2024-03-27,,False,
D02703,Meridian Industries,South,Retail,Cold Call,Vikram Shah,Negotiation,12200.0,2025-05-10,,False,
D02704,Lumina Group,Central,Healthcare,Social Media,Priya Nair,Prospecting,17700.0,2024-09-28,,False,
D02705,Summit Enterprises,South,Education,Social Media,Kavya Reddy,Qualification,6300.0,2024-08-06,,False,
D02706,Bright Industries,West,Healthcare,Referral,Sneha Iyer,Proposal,26600.0,2024-08-24,,False,
D02707,Orbit Group,South,Manufacturing,Cold Call,Kavya Reddy,Closed Won,26000.0,2024-10-05,2024-11-10,True,36.0
D02708,Crest Industries,West,It Services,Partner,Vikram Shah,Negotiation,20400.0,2024-01-22,,False,
D02709,Zenith Systems,North,Finance,Partner,Sneha Iyer,Qualification,49400.0,2024-10-24,,False,
D02710,Radiant Solutions,East,Manufacturing,Social Media,Karan Malhotra,Proposal,37300.0,2025-12-09,,False,
D02711,Quantum Systems,West,Healthcare,Cold Call,Ananya Rao,Closed Lost,24600.0,2026-03-11,2026-04-21,False,41.0
D02712,Zenith Group,South,Healthcare,Referral,Rohit Verma,Closed Won,23200.0,2026-04-30,2026-06-30,True,61.0
D02713,Horizon Enterprises,South,It Services,Cold Call,Sneha Iyer,Qualification,13700.0,2024-07-10,,False,
D02714,Unity Systems,East,Retail,Trade Show,Rohit Verma,Qualification,10800.0,2024-01-24,,False,
D02715,Meridian Technologies,East,It Services,Social Media,Karan Malhotra,Closed Won,20600.0,2025-08-15,2025-09-08,True,24.0
D02716,Bright Enterprises,South,Manufacturing,Social Media,Kavya Reddy,Proposal,26600.0,2024-10-29,,False,
D02717,Vertex Systems,Central,Retail,Website,Rohit Verma,Prospecting,2800.0,2026-01-24,,False,
D02718,Falcon Group,West,Retail,Partner,Sneha Iyer,Qualification,500.0,2026-06-02,,False,
D02719,Bright Group,North,Healthcare,Social Media,Karan Malhotra,Closed Won,5700.0,2024-07-08,2024-08-22,True,45.0
D02720,Jupiter Technologies,West,Finance,Referral,Arjun Mehta,Prospecting,43600.0,2025-05-04,,False,
D02721,Radiant Group,Central,Finance,Referral,Ananya Rao,Closed Won,20700.0,2025-04-08,2025-05-25,True,47.0
D02722,Unity Corp,West,Healthcare,Website,Ananya Rao,Qualification,19000.0,2025-10-02,,False,
D02723,Orbit Technologies,West,Retail,Partner,Arjun Mehta,Closed Won,9000.0,2024-03-25,2024-05-07,True,43.0
D02724,Global Industries,East,Finance,Referral,Rohit Verma,Prospecting,30200.0,2026-05-01,,False,
D02725,Quantum Systems,East,Healthcare,Social Media,Arjun Mehta,Closed Won,3000.0,2025-06-07,2025-07-17,True,40.0
D02726,Pioneer Corp,East,Education,Website,Rohit Verma,Prospecting,5300.0,2025-03-22,,False,
D02727,Quantum Enterprises,West,Retail,Social Media,Arjun Mehta,Qualification,14000.0,2024-12-30,,False,
D02728,Kinetic Solutions,East,Manufacturing,Partner,Karan Malhotra,Qualification,37400.0,2026-03-09,,False,
D02729,Titan Corp,North,Retail,Social Media,Vikram Shah,Proposal,5700.0,2024-12-12,,False,
D02730,Radiant Group,South,Retail,Website,Arjun Mehta,Prospecting,2200.0,2025-09-08,,False,
D02731,Vertex Solutions,North,Education,Partner,Karan Malhotra,Prospecting,6600.0,2026-01-25,,False,
D02732,Meridian Technologies,East,It Services,Social Media,Arjun Mehta,Proposal,17300.0,2024-03-13,,False,
D02733,Falcon Group,West,Education,Cold Call,Kavya Reddy,Qualification,4700.0,2024-07-24,,False,
D02734,Zenith Enterprises,South,Finance,Referral,Vikram Shah,Qualification,43100.0,2025-07-30,,False,
D02735,Delta Technologies,South,It Services,Trade Show,Priya Nair,Proposal,16500.0,2025-04-09,,False,
D02736,Unity Group,West,Healthcare,Website,Priya Nair,Qualification,22800.0,2026-03-03,,False,
D02737,Lumina Enterprises,West,It Services,Cold Call,Sneha Iyer,Closed Lost,10500.0,2024-09-26,2024-10-26,False,30.0
D02738,Pioneer Industries,South,It Services,Partner,Arjun Mehta,Closed Won,11000.0,2025-09-14,2025-11-11,True,58.0
D02739,Summit Group,Central,It Services,Trade Show,Arjun Mehta,Negotiation,25000.0,2025-04-14,,False,
D02740,Horizon Group,Central,It Services,Referral,Rohit Verma,Closed Won,4900.0,2024-02-09,2024-03-01,True,21.0
D02741,Radiant Technologies,North,Finance,Social Media,Karan Malhotra,Proposal,14300.0,2025-10-07,,False,
D02742,Lumina Enterprises,South,It Services,Referral,Rohit Verma,Negotiation,22200.0,2025-10-04,,False,
D02743,Radiant Technologies,Central,Healthcare,Referral,Priya Nair,Negotiation,13000.0,2024-11-17,,False,
D02744,Bright Technologies,East,Manufacturing,Website,Karan Malhotra,Prospecting,16700.0,2025-07-27,,False,
D02745,Summit Technologies,East,Retail,Referral,Sneha Iyer,Negotiation,10400.0,2026-01-08,,False,
D02746,Unity Enterprises,South,Manufacturing,Partner,Sneha Iyer,Proposal,21500.0,2025-04-30,,False,
D02747,Everest Industries,Central,Retail,Referral,Arjun Mehta,Prospecting,9400.0,2025-03-23,,False,
D02748,Horizon Enterprises,East,Manufacturing,Cold Call,Vikram Shah,Negotiation,34300.0,2026-03-27,,False,
D02749,Pioneer Technologies,West,It Services,Social Media,Rohit Verma,Prospecting,19700.0,2024-05-30,,False,
D02750,Ironclad Corp,South,Finance,Social Media,Priya Nair,Closed Lost,34500.0,2025-08-19,2025-10-17,False,59.0
D02751,Lumina Industries,West,It Services,Referral,Ananya Rao,Negotiation,9900.0,2024-12-02,,False,
D02752,Meridian Corp,North,Manufacturing,Referral,Kavya Reddy,Prospecting,500.0,2025-06-27,,False,
D02753,Summit Group,North,Manufacturing,Trade Show,Karan Malhotra,Negotiation,44300.0,2024-11-11,,False,
D02754,Zenith Industries,North,Education,Cold Call,Kavya Reddy,Qualification,1600.0,2024-05-03,,False,
D02755,Bright Enterprises,Central,Manufacturing,Trade Show,Arjun Mehta,Qualification,27800.0,2026-06-28,,False,
D02756,Everest Group,West,Manufacturing,Social Media,Karan Malhotra,Proposal,27500.0,2026-03-16,,False,
D02757,Summit Group,South,Manufacturing,Cold Call,Priya Nair,Prospecting,6700.0,2024-01-01,,False,
D02758,Global Technologies,South,Manufacturing,Partner,Sneha Iyer,Closed Lost,52500.0,2025-10-16,2025-11-08,False,23.0
D02759,Zenith Enterprises,South,Healthcare,Cold Call,Rohit Verma,Closed Won,28100.0,2025-04-19,2025-05-11,True,22.0
D02760,Alpha Industries,Central,Healthcare,Trade Show,Rohit Verma,Qualification,22800.0,2025-11-29,,False,
D02761,Ironclad Systems,West,Manufacturing,Social Media,Arjun Mehta,Closed Lost,33200.0,2026-05-10,2026-06-30,False,51.0
D02762,Jupiter Industries,North,Education,Cold Call,Karan Malhotra,Negotiation,7300.0,2026-05-10,,False,
D02763,Zenith Group,South,Retail,Partner,Karan Malhotra,Closed Won,7500.0,2025-11-15,2026-02-02,True,79.0
D02764,Bright Group,North,Finance,Referral,Ananya Rao,Closed Lost,24900.0,2025-11-18,2026-01-19,False,62.0
D02765,Vertex Solutions,Central,Finance,Social Media,Vikram Shah,Prospecting,25600.0,2024-04-26,,False,
D02766,Meridian Technologies,North,It Services,Website,Ananya Rao,Negotiation,14700.0,2026-03-29,,False,
D02767,Meridian Enterprises,South,Retail,Trade Show,Rohit Verma,Closed Won,7400.0,2024-05-30,2024-07-18,True,49.0
D02768,Kinetic Industries,Central,Finance,Partner,Priya Nair,Qualification,21500.0,2025-04-03,,False,
D02769,Meridian Group,West,Finance,Trade Show,Rohit Verma,Closed Won,19200.0,2025-04-27,2025-05-17,True,20.0
D02770,Jupiter Group,Central,Education,Website,Karan Malhotra,Proposal,8200.0,2025-12-30,,False,
D02771,Everest Corp,South,Retail,Cold Call,Arjun Mehta,Closed Won,9700.0,2025-11-16,2026-02-13,True,89.0
D02772,Falcon Industries,North,Retail,Trade Show,Karan Malhotra,Qualification,5700.0,2025-06-04,,False,
D02773,Unity Technologies,North,Retail,Social Media,Karan Malhotra,Proposal,4700.0,2024-12-20,,False,
D02774,Jupiter Enterprises,South,Retail,Website,Priya Nair,Closed Won,6300.0,2024-07-21,2024-09-11,True,52.0
D02775,Vertex Industries,East,Finance,Trade Show,Sneha Iyer,Closed Lost,24000.0,2026-04-05,2026-04-09,False,4.0
D02776,Nexus Technologies,West,Healthcare,Trade Show,Ananya Rao,Closed Won,23700.0,2026-01-01,2026-01-22,True,21.0
D02777,Vertex Corp,North,Healthcare,Referral,Sneha Iyer,Negotiation,18900.0,2025-10-26,,False,
D02778,Meridian Corp,North,Healthcare,Social Media,Sneha Iyer,Closed Lost,28800.0,2024-06-22,2024-07-25,False,33.0
D02779,Global Systems,Central,Education,Cold Call,Sneha Iyer,Proposal,3400.0,2025-12-11,,False,
D02780,Meridian Systems,East,Manufacturing,Trade Show,Kavya Reddy,Qualification,46500.0,2025-12-26,,False,
D02781,Titan Corp,East,Education,Trade Show,Karan Malhotra,Qualification,4700.0,2024-07-20,,False,
D02782,Horizon Systems,Central,Education,Partner,Karan Malhotra,Qualification,5900.0,2025-07-04,,False,
D02783,Jupiter Industries,North,Education,Partner,Kavya Reddy,Negotiation,5800.0,2024-02-20,,False,
D02784,Radiant Technologies,North,Retail,Partner,Karan Malhotra,Proposal,7800.0,2025-03-10,,False,
D02785,Ironclad Corp,North,It Services,Trade Show,Ananya Rao,Negotiation,12800.0,2026-03-09,,False,
D02786,Alpha Group,South,Education,Partner,Karan Malhotra,Proposal,8200.0,2026-04-03,,False,
D02787,Titan Solutions,Central,Manufacturing,Social Media,Rohit Verma,Prospecting,17600.0,2025-06-07,,False,
D02788,Nexus Enterprises,West,Manufacturing,Social Media,Vikram Shah,Negotiation,3800.0,2025-05-23,,False,
D02789,Pioneer Systems,Central,It Services,Partner,Ananya Rao,Closed Won,12600.0,2024-04-14,2024-05-24,True,40.0
D02790,Radiant Corp,South,Education,Cold Call,Kavya Reddy,Closed Won,3500.0,2026-05-08,2026-06-30,True,53.0
D02791,Pioneer Industries,North,It Services,Website,Vikram Shah,Prospecting,13800.0,2025-01-31,,False,
D02792,Delta Solutions,West,Education,Referral,Sneha Iyer,Prospecting,9200.0,2025-08-02,,False,
D02793,Orbit Technologies,Central,Healthcare,Referral,Rohit Verma,Qualification,18300.0,2024-03-24,,False,
D02794,Summit Industries,South,Finance,Cold Call,Ananya Rao,Proposal,43400.0,2026-02-21,,False,
D02795,Orbit Industries,East,Healthcare,Partner,Vikram Shah,Proposal,5700.0,2026-05-23,,False,
D02796,Lumina Systems,South,Retail,Referral,Vikram Shah,Qualification,4900.0,2024-03-25,,False,
D02797,Lumina Industries,South,Education,Partner,Rohit Verma,Qualification,6400.0,2026-05-02,,False,
D02798,Meridian Solutions,West,Healthcare,Partner,Vikram Shah,Closed Lost,20200.0,2025-01-19,2025-02-01,False,13.0
D02799,Lumina Technologies,West,Manufacturing,Trade Show,Vikram Shah,Proposal,1300.0,2025-07-22,,False,
D02800,Bright Group,West,Manufacturing,Trade Show,Sneha Iyer,Closed Lost,35900.0,2024-12-17,2025-01-26,False,40.0
D02801,Alpha Technologies,North,Education,Social Media,Kavya Reddy,Closed Lost,5600.0,2025-07-02,2025-08-20,False,49.0
D02802,Summit Corp,Central,It Services,Website,Karan Malhotra,Prospecting,15500.0,2025-05-17,,False,
D02803,Pioneer Systems,Central,Education,Partner,Ananya Rao,Qualification,5500.0,2025-02-13,,False,
D02804,Kinetic Enterprises,East,Healthcare,Social Media,Priya Nair,Closed Lost,26400.0,2024-12-26,2025-02-21,False,57.0
D02805,Kinetic Technologies,North,Retail,Partner,Arjun Mehta,Prospecting,4700.0,2026-03-23,,False,
D02806,Alpha Systems,West,Manufacturing,Trade Show,Kavya Reddy,Prospecting,32800.0,2026-02-10,,False,
D02807,Radiant Group,Central,Retail,Partner,Arjun Mehta,Prospecting,7100.0,2024-08-31,,False,
D02808,Falcon Systems,Central,Finance,Social Media,Priya Nair,Closed Lost,47200.0,2024-05-30,2024-06-22,False,23.0
D02809,Alpha Solutions,Central,Education,Website,Priya Nair,Qualification,1900.0,2026-05-11,,False,
D02810,Radiant Technologies,South,Retail,Cold Call,Karan Malhotra,Prospecting,5100.0,2026-03-19,,False,
D02811,Delta Solutions,West,It Services,Partner,Rohit Verma,Qualification,17400.0,2026-06-11,,False,
D02812,Zenith Systems,South,Education,Referral,Kavya Reddy,Proposal,3400.0,2024-06-23,,False,
D02813,Zenith Technologies,Central,Finance,Partner,Ananya Rao,Closed Lost,39300.0,2024-10-22,2024-11-25,False,34.0
D02814,Delta Enterprises,South,Retail,Social Media,Vikram Shah,Proposal,12600.0,2025-11-07,,False,
D02815,Everest Systems,North,It Services,Cold Call,Karan Malhotra,Qualification,23800.0,2025-04-29,,False,
D02816,Summit Enterprises,Central,Finance,Cold Call,Karan Malhotra,Closed Won,24400.0,2025-12-27,2026-01-27,True,31.0
D02817,Pioneer Corp,East,Manufacturing,Website,Vikram Shah,Qualification,15300.0,2025-06-08,,False,
D02818,Horizon Industries,East,Retail,Partner,Arjun Mehta,Qualification,7100.0,2024-05-07,,False,
D02819,Everest Systems,Central,Finance,Referral,Rohit Verma,Qualification,20400.0,2026-04-18,,False,
D02820,Alpha Systems,North,Retail,Referral,Priya Nair,Closed Won,4000.0,2024-02-04,2024-04-24,True,80.0
D02821,Vertex Group,South,Finance,Website,Arjun Mehta,Proposal,47500.0,2025-11-10,,False,
D02822,Meridian Systems,West,Healthcare,Social Media,Rohit Verma,Negotiation,28600.0,2025-03-20,,False,
D02823,Titan Solutions,South,Finance,Partner,Rohit Verma,Proposal,47700.0,2024-08-27,,False,
D02824,Pioneer Enterprises,East,Retail,Partner,Sneha Iyer,Closed Lost,7800.0,2024-11-03,2025-02-13,False,102.0
D02825,Meridian Industries,North,Finance,Website,Ananya Rao,Negotiation,28900.0,2026-01-31,,False,
D02826,Horizon Industries,South,Healthcare,Cold Call,Sneha Iyer,Closed Lost,25100.0,2025-12-10,2026-01-04,False,25.0
D02827,Radiant Enterprises,Central,Finance,Partner,Vikram Shah,Proposal,38700.0,2025-01-30,,False,
D02828,Unity Systems,South,It Services,Referral,Rohit Verma,Qualification,19700.0,2026-04-14,,False,
D02829,Everest Group,East,Manufacturing,Trade Show,Sneha Iyer,Proposal,45300.0,2026-04-19,,False,
D02830,Orbit Industries,North,It Services,Referral,Sneha Iyer,Proposal,23800.0,2025-04-18,,False,
D02831,Vertex Systems,West,It Services,Cold Call,Sneha Iyer,Qualification,6300.0,2026-02-10,,False,
D02832,Meridian Solutions,East,It Services,Referral,Priya Nair,Qualification,12100.0,2026-02-05,,False,
D02833,Alpha Group,East,Finance,Social Media,Priya Nair,Qualification,46100.0,2026-02-01,,False,
D02834,Summit Solutions,West,Healthcare,Social Media,Vikram Shah,Closed Won,31600.0,2025-08-27,2025-11-04,True,69.0
D02835,Zenith Systems,West,Healthcare,Cold Call,Kavya Reddy,Proposal,27900.0,2025-02-06,,False,
D02836,Kinetic Technologies,West,Finance,Trade Show,Ananya Rao,Prospecting,23600.0,2026-03-31,,False,
D02837,Bright Corp,Central,Retail,Partner,Sneha Iyer,Prospecting,6000.0,2026-02-07,,False,
D02838,Ironclad Solutions,South,Manufacturing,Referral,Ananya Rao,Qualification,20800.0,2024-08-15,,False,
D02839,Titan Industries,West,Manufacturing,Partner,Rohit Verma,Closed Lost,26700.0,2024-06-05,2024-06-25,False,20.0
D02840,Meridian Solutions,South,Healthcare,Trade Show,Priya Nair,Qualification,31400.0,2025-09-24,,False,
D02841,Nexus Systems,Central,It Services,Cold Call,Kavya Reddy,Closed Lost,6600.0,2024-07-23,2024-08-11,False,19.0
D02842,Bright Enterprises,East,Retail,Social Media,Sneha Iyer,Closed Won,8800.0,2025-08-07,2025-09-06,True,30.0
D02843,Horizon Systems,East,Retail,Website,Rohit Verma,Qualification,2500.0,2026-05-26,,False,
D02844,Delta Systems,East,Retail,Cold Call,Arjun Mehta,Closed Won,3300.0,2024-12-14,2025-01-27,True,44.0
D02845,Nexus Enterprises,North,Retail,Website,Sneha Iyer,Closed Won,3900.0,2025-05-22,2025-09-21,True,122.0
D02846,Radiant Enterprises,West,Manufacturing,Referral,Vikram Shah,Prospecting,35900.0,2024-10-30,,False,
D02847,Global Industries,West,Manufacturing,Partner,Arjun Mehta,Qualification,31600.0,2025-12-15,,False,
D02848,Delta Corp,West,Manufacturing,Trade Show,Arjun Mehta,Qualification,25000.0,2024-01-22,,False,
D02849,Bright Industries,North,Manufacturing,Website,Priya Nair,Prospecting,29100.0,2025-10-12,,False,
D02850,Global Group,Central,Manufacturing,Cold Call,Sneha Iyer,Closed Lost,27500.0,2025-03-05,2025-04-14,False,40.0
D02851,Horizon Corp,West,Healthcare,Referral,Arjun Mehta,Prospecting,14500.0,2024-03-17,,False,
D02852,Everest Corp,Central,It Services,Website,Sneha Iyer,Negotiation,7000.0,2024-08-30,,False,
D02853,Summit Enterprises,South,Finance,Social Media,Sneha Iyer,Closed Won,38400.0,2024-11-26,2025-01-16,True,51.0
D02854,Crest Industries,East,Retail,Social Media,Kavya Reddy,Proposal,10200.0,2025-01-10,,False,
D02855,Horizon Corp,West,Finance,Cold Call,Arjun Mehta,Qualification,40100.0,2025-10-14,,False,
D02856,Kinetic Enterprises,South,Education,Website,Rohit Verma,Proposal,8400.0,2024-12-20,,False,
D02857,Everest Technologies,West,Finance,Referral,Arjun Mehta,Prospecting,29700.0,2024-01-11,,False,
D02858,Vertex Industries,South,Education,Referral,Ananya Rao,Negotiation,8100.0,2026-06-24,,False,
D02859,Zenith Systems,Central,Finance,Trade Show,Sneha Iyer,Prospecting,25100.0,2024-04-03,,False,
D02860,Falcon Enterprises,West,It Services,Referral,Sneha Iyer,Closed Lost,22700.0,2024-03-11,2024-04-17,False,37.0
D02861,Delta Corp,East,Finance,Social Media,Kavya Reddy,Prospecting,43200.0,2024-01-18,,False,
D02862,Pioneer Technologies,West,Education,Social Media,Kavya Reddy,Qualification,8300.0,2024-11-11,,False,
D02863,Pioneer Enterprises,Central,Retail,Trade Show,Kavya Reddy,Qualification,8500.0,2024-06-20,,False,
D02864,Bright Technologies,South,Healthcare,Partner,Vikram Shah,Qualification,15200.0,2025-07-26,,False,
D02865,Jupiter Technologies,West,Education,Referral,Ananya Rao,Negotiation,1700.0,2024-10-23,,False,
D02866,Summit Solutions,East,It Services,Cold Call,Arjun Mehta,Proposal,14500.0,2025-06-20,,False,
D02867,Falcon Systems,West,Manufacturing,Social Media,Kavya Reddy,Closed Won,35700.0,2024-12-18,2025-02-20,True,64.0
D02868,Ironclad Corp,Central,Manufacturing,Cold Call,Sneha Iyer,Proposal,27400.0,2025-10-30,,False,
D02869,Zenith Technologies,East,Manufacturing,Partner,Ananya Rao,Closed Won,28300.0,2024-12-04,2025-01-21,True,48.0
D02870,Everest Group,South,It Services,Partner,Arjun Mehta,Closed Lost,15700.0,2024-08-09,2024-09-25,False,47.0
D02871,Ironclad Systems,North,It Services,Social Media,Ananya Rao,Negotiation,23700.0,2024-01-24,,False,
D02872,Falcon Technologies,Central,Healthcare,Referral,Vikram Shah,Proposal,19500.0,2026-02-06,,False,
D02873,Delta Enterprises,Central,Retail,Social Media,Kavya Reddy,Qualification,10400.0,2024-04-20,,False,
D02874,Pioneer Systems,West,It Services,Social Media,Karan Malhotra,Proposal,16100.0,2024-05-02,,False,
D02875,Vertex Corp,Central,Education,Website,Sneha Iyer,Negotiation,4500.0,2024-12-10,,False,
D02876,Vertex Industries,Central,Manufacturing,Cold Call,Karan Malhotra,Qualification,12200.0,2024-11-30,,False,
D02877,Quantum Group,Central,Education,Cold Call,Priya Nair,Negotiation,8900.0,2025-02-02,,False,
D02878,Unity Solutions,Central,Manufacturing,Social Media,Ananya Rao,Qualification,33000.0,2024-06-15,,False,
D02879,Lumina Solutions,Central,Healthcare,Referral,Rohit Verma,Qualification,26900.0,2026-06-18,,False,
D02880,Everest Group,Central,Manufacturing,Cold Call,Arjun Mehta,Negotiation,17200.0,2024-12-25,,False,
D02881,Unity Corp,North,It Services,Website,Ananya Rao,Prospecting,18400.0,2026-02-04,,False,
D02882,Radiant Corp,North,Healthcare,Social Media,Rohit Verma,Closed Won,12300.0,2026-04-16,2026-06-03,True,48.0
D02883,Unity Enterprises,East,Finance,Social Media,Vikram Shah,Closed Won,26600.0,2026-01-03,2026-03-18,True,74.0
D02884,Delta Industries,South,Education,Referral,Ananya Rao,Closed Won,4700.0,2025-11-26,2026-01-21,True,56.0
D02885,Jupiter Enterprises,South,Healthcare,Trade Show,Ananya Rao,Prospecting,26500.0,2025-11-15,,False,
D02886,Unity Industries,East,It Services,Partner,Sneha Iyer,Qualification,17500.0,2025-09-22,,False,
D02887,Orbit Corp,West,Healthcare,Referral,Vikram Shah,Negotiation,14000.0,2024-07-28,,False,
D02888,Lumina Solutions,South,Finance,Trade Show,Karan Malhotra,Negotiation,58400.0,2026-06-01,,False,
D02889,Radiant Group,East,It Services,Website,Priya Nair,Closed Won,22400.0,2024-10-19,2024-11-23,True,35.0
D02890,Zenith Industries,East,Education,Referral,Kavya Reddy,Closed Lost,8600.0,2025-12-03,2026-01-20,False,48.0
D02891,Everest Systems,South,Finance,Trade Show,Rohit Verma,Qualification,24900.0,2024-12-07,,False,
D02892,Ironclad Systems,North,Healthcare,Social Media,Priya Nair,Closed Won,13200.0,2026-02-03,2026-04-28,True,84.0
D02893,Vertex Corp,Central,Education,Partner,Vikram Shah,Negotiation,7600.0,2025-10-08,,False,
D02894,Horizon Industries,West,Finance,Trade Show,Karan Malhotra,Negotiation,29000.0,2026-05-12,,False,
D02895,Lumina Group,North,Manufacturing,Referral,Karan Malhotra,Negotiation,25100.0,2025-08-23,,False,
D02896,Jupiter Corp,East,It Services,Trade Show,Ananya Rao,Closed Won,27000.0,2024-09-17,2024-10-26,True,39.0
D02897,Bright Systems,North,Education,Trade Show,Priya Nair,Closed Won,7000.0,2024-09-15,2024-11-13,True,59.0
D02898,Bright Solutions,West,Manufacturing,Social Media,Rohit Verma,Proposal,31500.0,2025-05-19,,False,
D02899,Everest Industries,Central,Finance,Website,Vikram Shah,Qualification,18600.0,2024-05-23,,False,
D02900,Global Group,South,It Services,Social Media,Priya Nair,Proposal,11000.0,2025-03-26,,False,
D02901,Orbit Solutions,North,Retail,Website,Priya Nair,Closed Won,11300.0,2025-08-23,2025-09-08,True,16.0
D02902,Ironclad Solutions,East,Education,Website,Rohit Verma,Closed Won,10400.0,2025-12-30,2026-01-11,True,12.0
D02903,Orbit Systems,West,Education,Social Media,Karan Malhotra,Qualification,3700.0,2024-06-01,,False,
D02904,Bright Corp,West,Finance,Cold Call,Priya Nair,Prospecting,10900.0,2024-04-10,,False,
D02905,Orbit Corp,North,It Services,Social Media,Kavya Reddy,Negotiation,13300.0,2025-07-31,,False,
D02906,Vertex Group,East,Manufacturing,Partner,Ananya Rao,Closed Won,26600.0,2025-05-27,2025-07-05,True,39.0
D02907,Alpha Systems,West,Manufacturing,Trade Show,Rohit Verma,Closed Won,21400.0,2026-05-11,2026-06-30,True,50.0
D02908,Ironclad Solutions,West,Education,Website,Ananya Rao,Closed Won,3100.0,2024-11-13,2024-12-17,True,34.0
D02909,Falcon Technologies,Central,Retail,Website,Ananya Rao,Prospecting,5700.0,2026-01-25,,False,
D02910,Crest Solutions,Central,Manufacturing,Partner,Rohit Verma,Qualification,34100.0,2024-06-20,,False,
D02911,Delta Technologies,East,Manufacturing,Partner,Rohit Verma,Proposal,21100.0,2026-04-29,,False,
D02912,Ironclad Enterprises,West,Manufacturing,Website,Arjun Mehta,Closed Lost,5900.0,2024-07-10,2024-08-11,False,32.0
D02913,Ironclad Technologies,East,It Services,Partner,Kavya Reddy,Qualification,3100.0,2025-09-28,,False,
D02914,Everest Technologies,North,Finance,Partner,Ananya Rao,Negotiation,36300.0,2025-04-05,,False,
D02915,Lumina Corp,East,It Services,Partner,Kavya Reddy,Closed Won,16700.0,2024-01-04,2024-02-12,True,39.0
D02916,Vertex Enterprises,South,Education,Partner,Arjun Mehta,Negotiation,5300.0,2025-12-28,,False,
D02917,Ironclad Corp,South,Healthcare,Trade Show,Ananya Rao,Qualification,25700.0,2025-05-03,,False,
D02918,Unity Enterprises,North,Education,Partner,Ananya Rao,Closed Won,3200.0,2026-03-19,2026-04-16,True,28.0
D02919,Titan Technologies,West,Manufacturing,Social Media,Ananya Rao,Closed Lost,1200.0,2024-02-24,2024-04-19,False,55.0
D02920,Meridian Enterprises,Central,It Services,Social Media,Sneha Iyer,Closed Lost,23500.0,2025-11-01,2025-11-16,False,15.0
D02921,Crest Industries,Central,Manufacturing,Trade Show,Arjun Mehta,Closed Lost,26000.0,2025-10-14,2025-10-29,False,15.0
D02922,Zenith Group,West,Retail,Social Media,Rohit Verma,Qualification,10900.0,2024-07-21,,False,
D02923,Summit Systems,East,Education,Website,Karan Malhotra,Prospecting,4500.0,2025-10-02,,False,
D02924,Unity Industries,South,Manufacturing,Social Media,Karan Malhotra,Prospecting,16600.0,2025-03-11,,False,
D02925,Unity Solutions,South,Retail,Website,Kavya Reddy,Proposal,5500.0,2024-06-05,,False,
D02926,Titan Systems,North,Manufacturing,Trade Show,Rohit Verma,Prospecting,23600.0,2024-02-05,,False,
D02927,Pioneer Technologies,West,Education,Referral,Karan Malhotra,Proposal,5900.0,2025-12-24,,False,
D02928,Titan Technologies,East,Retail,Trade Show,Ananya Rao,Closed Lost,7400.0,2025-02-03,2025-03-03,False,28.0
D02929,Titan Systems,East,It Services,Trade Show,Vikram Shah,Closed Won,15200.0,2025-08-07,2025-09-13,True,37.0
D02930,Meridian Technologies,Central,Healthcare,Partner,Sneha Iyer,Closed Won,13700.0,2025-08-18,2025-09-13,True,26.0
D02931,Pioneer Group,Central,It Services,Social Media,Sneha Iyer,Qualification,5700.0,2024-06-15,,False,
D02932,Meridian Enterprises,East,It Services,Referral,Arjun Mehta,Closed Lost,22000.0,2025-08-15,2025-10-19,False,65.0
D02933,Meridian Industries,South,Education,Partner,Rohit Verma,Closed Lost,6900.0,2026-02-04,2026-05-08,False,93.0
D02934,Unity Technologies,East,Finance,Cold Call,Arjun Mehta,Closed Won,28900.0,2024-02-06,2024-02-22,True,16.0
D02935,Kinetic Group,East,It Services,Cold Call,Rohit Verma,Prospecting,18200.0,2025-11-09,,False,
D02936,Global Enterprises,Central,Retail,Cold Call,Priya Nair,Proposal,9300.0,2024-06-25,,False,
D02937,Zenith Industries,West,Manufacturing,Trade Show,Kavya Reddy,Prospecting,34000.0,2025-08-19,,False,
D02938,Kinetic Solutions,Central,Manufacturing,Cold Call,Vikram Shah,Proposal,19500.0,2026-05-10,,False,
D02939,Zenith Industries,Central,Finance,Cold Call,Priya Nair,Closed Won,49900.0,2024-12-21,2025-01-15,True,25.0
D02940,Summit Solutions,Central,Finance,Website,Ananya Rao,Closed Won,24700.0,2025-07-14,2025-08-13,True,30.0
D02941,Everest Systems,Central,Retail,Partner,Priya Nair,Negotiation,4600.0,2025-07-26,,False,
D02942,Radiant Corp,West,Retail,Trade Show,Arjun Mehta,Closed Won,11800.0,2024-05-29,2024-06-23,True,25.0
D02943,Alpha Solutions,North,Education,Social Media,Karan Malhotra,Closed Lost,5600.0,2026-02-28,2026-03-27,False,27.0
D02944,Radiant Technologies,Central,Retail,Social Media,Vikram Shah,Negotiation,7700.0,2024-03-22,,False,
D02945,Radiant Industries,West,Education,Trade Show,Ananya Rao,Closed Won,3200.0,2025-12-11,2026-02-02,True,53.0
D02946,Kinetic Industries,West,Retail,Cold Call,Sneha Iyer,Closed Lost,1800.0,2026-06-25,2026-06-30,False,5.0
D02947,Vertex Technologies,East,It Services,Trade Show,Priya Nair,Closed Lost,21700.0,2025-04-09,2025-05-17,False,38.0
D02948,Everest Industries,East,Education,Partner,Vikram Shah,Proposal,8100.0,2026-05-25,,False,
D02949,Delta Group,West,It Services,Partner,Kavya Reddy,Closed Won,19100.0,2025-02-07,2025-03-17,True,38.0
D02950,Zenith Group,South,Manufacturing,Referral,Ananya Rao,Closed Won,25800.0,2025-09-22,2025-10-20,True,28.0
D02951,Crest Corp,East,Education,Social Media,Ananya Rao,Closed Lost,4100.0,2025-09-16,2025-11-23,False,68.0
D02952,Pioneer Solutions,South,Finance,Website,Sneha Iyer,Closed Won,34400.0,2024-05-27,2024-07-30,True,64.0
D02953,Horizon Technologies,North,It Services,Trade Show,Vikram Shah,Proposal,15300.0,2026-04-11,,False,
D02954,Delta Industries,North,Retail,Referral,Rohit Verma,Negotiation,5300.0,2025-06-19,,False,
D02955,Everest Enterprises,South,It Services,Social Media,Ananya Rao,Closed Won,14500.0,2026-06-10,2026-06-26,True,16.0
D02956,Unity Systems,West,Finance,Referral,Vikram Shah,Qualification,41300.0,2024-03-19,,False,
D02957,Lumina Group,North,Healthcare,Referral,Sneha Iyer,Closed Won,14900.0,2026-06-21,2026-06-30,True,9.0
D02958,Titan Systems,East,Manufacturing,Website,Vikram Shah,Proposal,30400.0,2024-01-21,,False,
D02959,Meridian Industries,Central,Healthcare,Website,Priya Nair,Proposal,34700.0,2024-09-10,,False,
D02960,Ironclad Corp,Central,Manufacturing,Website,Arjun Mehta,Proposal,27800.0,2026-05-12,,False,
D02961,Vertex Enterprises,South,It Services,Trade Show,Rohit Verma,Closed Won,10300.0,2025-11-27,2026-02-06,True,71.0
D02962,Quantum Enterprises,North,Education,Cold Call,Priya Nair,Prospecting,600.0,2025-07-08,,False,
D02963,Bright Solutions,South,Healthcare,Referral,Ananya Rao,Closed Won,18300.0,2025-12-17,2026-01-30,True,44.0
D02964,Ironclad Technologies,North,Finance,Website,Arjun Mehta,Closed Won,35300.0,2024-10-26,2025-01-20,True,86.0
D02965,Crest Solutions,North,Education,Cold Call,Arjun Mehta,Closed Lost,3600.0,2024-12-14,2025-01-23,False,40.0
D02966,Radiant Group,South,Healthcare,Partner,Karan Malhotra,Prospecting,13200.0,2025-05-20,,False,
D02967,Everest Corp,North,Retail,Referral,Arjun Mehta,Proposal,10500.0,2025-10-12,,False,
D02968,Crest Corp,North,It Services,Partner,Karan Malhotra,Closed Won,18200.0,2025-12-17,2025-12-30,True,13.0
D02969,Lumina Corp,South,Retail,Trade Show,Sneha Iyer,Prospecting,13300.0,2024-05-14,,False,
D02970,Orbit Enterprises,East,Finance,Referral,Sneha Iyer,Qualification,46700.0,2024-01-29,,False,
D02971,Lumina Solutions,North,Finance,Cold Call,Vikram Shah,Qualification,31200.0,2025-04-11,,False,
D02972,Orbit Corp,North,Retail,Trade Show,Sneha Iyer,Qualification,11900.0,2025-04-02,,False,
D02973,Lumina Enterprises,Central,Manufacturing,Referral,Ananya Rao,Closed Lost,19400.0,2024-01-21,2024-02-13,False,23.0
D02974,Zenith Technologies,North,Retail,Website,Priya Nair,Proposal,5900.0,2024-03-19,,False,
D02975,Meridian Corp,North,Healthcare,Partner,Rohit Verma,Proposal,8000.0,2025-12-21,,False,
D02976,Titan Group,Central,It Services,Partner,Sneha Iyer,Negotiation,1800.0,2026-03-23,,False,
D02977,Orbit Corp,Central,It Services,Website,Karan Malhotra,Closed Won,20600.0,2025-10-24,2025-12-28,True,65.0
D02978,Orbit Enterprises,East,Education,Social Media,Sneha Iyer,Closed Won,600.0,2024-11-12,2025-01-02,True,51.0
D02979,Alpha Enterprises,North,Retail,Website,Rohit Verma,Qualification,6100.0,2024-05-22,,False,
D02980,Meridian Technologies,North,Education,Partner,Arjun Mehta,Negotiation,8000.0,2026-01-22,,False,
D02981,Alpha Enterprises,Central,Retail,Cold Call,Sneha Iyer,Negotiation,12900.0,2026-01-04,,False,
D02982,Pioneer Industries,West,Manufacturing,Partner,Kavya Reddy,Prospecting,34100.0,2026-04-03,,False,
D02983,Kinetic Corp,West,It Services,Social Media,Sneha Iyer,Proposal,17700.0,2025-12-02,,False,
D02984,Meridian Solutions,South,Finance,Partner,Priya Nair,Closed Won,9200.0,2024-02-26,2024-06-08,True,103.0
D02985,Crest Corp,West,Finance,Social Media,Ananya Rao,Proposal,37400.0,2025-12-13,,False,
D02986,Titan Solutions,Central,Healthcare,Social Media,Arjun Mehta,Qualification,22000.0,2026-05-16,,False,
D02987,Kinetic Solutions,West,Healthcare,Social Media,Ananya Rao,Prospecting,20700.0,2026-03-08,,False,
D02988,Everest Corp,West,Healthcare,Referral,Ananya Rao,Qualification,17600.0,2025-03-07,,False,
D02989,Pioneer Industries,East,Healthcare,Referral,Ananya Rao,Prospecting,28500.0,2025-08-04,,False,
D02990,Alpha Systems,Central,It Services,Partner,Sneha Iyer,Proposal,23000.0,2025-09-14,,False,
D02991,Alpha Technologies,North,It Services,Cold Call,Vikram Shah,Qualification,13400.0,2024-11-26,,False,
D02992,Falcon Group,East,It Services,Partner,Priya Nair,Prospecting,10200.0,2024-05-13,,False,
D02993,Quantum Group,Central,Manufacturing,Trade Show,Rohit Verma,Proposal,6900.0,2025-11-03,,False,
D02994,Bright Group,Central,Education,Partner,Arjun Mehta,Prospecting,9000.0,2025-09-17,,False,
D02995,Pioneer Enterprises,South,Healthcare,Social Media,Vikram Shah,Prospecting,13000.0,2024-07-06,,False,
D02996,Nexus Solutions,South,Finance,Cold Call,Vikram Shah,Closed Won,12600.0,2025-08-14,2025-10-14,True,61.0
D02997,Zenith Industries,Central,Healthcare,Website,Arjun Mehta,Proposal,15100.0,2024-08-12,,False,
D02998,Jupiter Enterprises,Central,Education,Website,Ananya Rao,Prospecting,6500.0,2025-08-09,,False,
D02999,Delta Corp,West,Healthcare,Partner,Karan Malhotra,Qualification,14300.0,2024-09-09,,False,
D03000,Everest Corp,North,Healthcare,Social Media,Kavya Reddy,Proposal,21800.0,2024-12-04,,False,
